	c0	c1
0	cc:preconj	CCONJ
1	nsubj	Nom_NOUN
2	obl	Loc_NOUN
3	conj	VERB
4	cc	CCONJ
5	advcl	VERB
6	obl	Loc_NOUN
7	conj	VERB
8	cc	CCONJ
9	advmod	ADV
10	ccomp	VERB
11	mark	SCONJ
12	advmod	ADV
13	advmod	ADV
14	advmod	ADV
15	advmod	PART
16	advmod	ADV
17	conj	VERB
18	nsubj	Nom_NOUN
19	obj	Acc_PRON
20	mark	SCONJ
21	nsubj	Nom_NOUN
22	obl	Gen_NOUN
23	obl	Acc_NOUN
24	conj	VERB
25	cc	CCONJ
26	advmod	ADV
27	nsubj	Nom_NOUN
28	iobj	Ins_NOUN
29	conj	VERB
30	cc	CCONJ
31	obl	Ins_PRON
32	amod	Nom_ADJ
33	nsubj	Nom_PRON
34	obj	Acc_PRON
35	nsubj	Nom_PROPN
36	nsubj	Nom_PRON
37	amod	Nom_ADJ
38	conj	Nom_ADJ
39	conj	Nom_ADJ
40	conj	SCONJ
41	cc	CCONJ
42	obl	Acc_PRON
43	obj	Acc_NOUN
44	nsubj	Nom_PRON
45	nsubj	Nom_ADJ
46	obl	Gen_NOUN
47	cc	CCONJ
48	det	Nom_DET
49	xcomp	VERB
50	cc:preconj	CCONJ
51	obl	Dat_NOUN
52	advmod	ADV
53	nsubj	Nom_NOUN
54	cc	CCONJ
55	obj	Acc_NOUN
56	cc	CCONJ
57	advmod	Nom_ADJ
58	obj	Gen_DET
59	nsubj	Nom_NOUN
60	discourse	PART
61	cc	CCONJ
62	advmod	ADV
63	obl	Acc_NOUN
64	nsubj	Nom_NOUN
65	conj	VERB
66	obj	Acc_NOUN
67	nsubj	Nom_PROPN
68	advmod	ADV
69	conj	VERB
70	obl	Loc_NOUN
71	obj	Acc_NOUN
72	conj	VERB
73	cc	CCONJ
74	obl	Acc_NOUN
75	nsubj	Gen_NOUN
76	xcomp	VERB
77	advmod	PART
78	aux:pass	AUX
79	cc	CCONJ
80	mark	SCONJ
81	nsubj	Dat_PRON
82	advmod	ADV
83	cc	CCONJ
84	conj	VERB
85	obj	Acc_NOUN
86	parataxis	VERB
87	obl	Gen_NOUN
88	nsubj	Nom_PROPN
89	nsubj	Nom_NOUN
90	advmod	ADV
91	cc	CCONJ
92	advmod	PART
93	parataxis	VERB
94	cop	AUX
95	cc	CCONJ
96	nsubj	Nom_ADJ
97	obj	Gen_DET
98	advmod	PART
99	conj	VERB
100	cc	CCONJ
101	advmod	PART
102	advmod	ADV
103	obj	Acc_NOUN
104	obl	Gen_NOUN
105	nsubj	Nom_NOUN
106	acl	Gen_VERB
107	conj	VERB
108	obj	Acc_PRON
109	obl	Gen_NOUN
110	obj	Gen_PRON
111	mark	SCONJ
112	nsubj	Nom_PRON
113	ccomp	VERB
114	obl	Gen_PRON
115	obj	Acc_NOUN
116	acl:relcl	VERB
117	nsubj	Nom_PRON
118	advmod	ADV
119	advmod	PART
120	obl	Dat_NOUN
121	nsubj	Nom_PROPN
122	obj	Acc_NOUN
123	conj	ADP
124	nsubj	Nom_NOUN
125	obl	Gen_NOUN
126	obl	Loc_PROPN
127	conj	VERB
128	obj	Acc_NOUN
129	obj	Acc_NOUN
130	nsubj	Nom_PROPN
131	obj	Acc_PRON
132	conj	VERB
133	obl	Gen_NOUN
134	conj	VERB
135	iobj	Ins_NOUN
136	obj	Gen_NOUN
137	nsubj	Nom_PROPN
138	obl	Loc_NOUN
139	nsubj	Nom_NOUN
140	nsubj	Nom_PRON
141	nsubj	Nom_PROPN
142	obl	Gen_NOUN
143	advcl	VERB
144	nsubj	Nom_PROPN
145	parataxis	VERB
146	cc:preconj	CCONJ
147	nsubj	Nom_PRON
148	advmod	ADV
149	advcl	Nom_NOUN
150	nsubj	Nom_PRON
151	advmod	ADV
152	nsubj	Nom_PRON
153	obl	Loc_NOUN
154	advmod	ADV
155	xcomp	VERB
156	advmod	ADV
157	obj	Acc_NOUN
158	advmod	PART
159	nsubj	Nom_NOUN
160	obl	Dat_NOUN
161	conj	VERB
162	conj	VERB
163	iobj	Ins_NOUN
164	cc	CCONJ
165	obl	Gen_NOUN
166	nsubj	Nom_NOUN
167	obj	Acc_NOUN
168	obl	Gen_PRON
169	advmod	ADV
170	nsubj	Nom_NOUN
171	conj	VERB
172	cc	CCONJ
173	obj	Acc_NOUN
174	amod	Nom_ADJ
175	nsubj	Nom_PROPN
176	nsubj	Nom_NOUN
177	cc	CCONJ
178	iobj	Ins_NOUN
179	nsubj	Nom_PROPN
180	advmod	ADV
181	obj	Acc_NOUN
182	conj	VERB
183	obl	Ins_NOUN
184	cc	CCONJ
185	obj	Acc_PRON
186	obl	Gen_NOUN
187	obl	Loc_PRON
188	iobj	Ins_NOUN
189	obl	Acc_NOUN
190	advcl	VERB
191	advmod	SCONJ
192	mark	SCONJ
193	obl	Gen_NOUN
194	advmod	PART
195	obj	Acc_NOUN
196	mark	SCONJ
197	nsubj	Nom_PROPN
198	advmod	ADV
199	conj	VERB
200	advmod	ADV
201	nsubj	Nom_PRON
202	obl	Dat_PROPN
203	parataxis	VERB
204	nsubj	Nom_NOUN
205	iobj	Dat_PRON
206	obl	Gen_NOUN
207	conj	VERB
208	cc	CCONJ
209	advmod	ADV
210	iobj	Ins_NOUN
211	obl	Loc_NOUN
212	iobj	Dat_NOUN
213	nsubj	ADV
214	discourse	ADV
215	advmod	ADV
216	obl	Gen_NOUN
217	nsubj	Nom_NOUN
218	nsubj	Nom_PRON
219	iobj	Ins_NOUN
220	obl	Dat_NOUN
221	nsubj	Nom_NOUN
222	nsubj	Nom_PROPN
223	advmod	ADV
224	conj	VERB
225	cc	CCONJ
226	nsubj	Nom_PROPN
227	iobj	Ins_NOUN
228	obl	Loc_PRON
229	advcl	VERB
230	cc:preconj	CCONJ
231	advmod	Acc_NOUN
232	nsubj	Nom_PRON
233	advmod	ADV
234	obl	Acc_NOUN
235	obl	Gen_NOUN
236	conj	VERB
237	advcl	VERB
238	advmod	ADV
239	obj	Acc_NOUN
240	ccomp	VERB
241	mark	SCONJ
242	nsubj	Nom_PRON
243	parataxis	VERB
244	obl	Acc_NOUN
245	nsubj	Gen_NOUN
246	advcl	VERB
247	det	Acc_DET
248	amod	Gen_ADJ
249	nsubj	Nom_NOUN
250	advmod	ADV
251	nmod	Acc_NOUN
252	conj	VERB
253	obj	Acc_NOUN
254	nsubj	Nom_NOUN
255	advmod	PART
256	obl	Gen_NOUN
257	ccomp	VERB
258	mark	SCONJ
259	nsubj	Nom_NOUN
260	obl	Gen_PRON
261	obj	Gen_PRON
262	obl	Ins_PRON
263	conj	VERB
264	cc	CCONJ
265	xcomp	VERB
266	advcl	VERB
267	mark	SCONJ
268	obl	Gen_NOUN
269	nsubj	Nom_PRON
270	advmod	ADV
271	iobj	Ins_NOUN
272	ccomp	Ins_NOUN
273	obl	Dat_NOUN
274	obl	Gen_NOUN
275	advmod	PART
276	obj	Acc_PROPN
277	obl	Acc_PROPN
278	acl	Acc_VERB
279	nsubj	Nom_PROPN
280	obj	Acc_NOUN
281	obl	Gen_NOUN
282	obl	Gen_PRON
283	nsubj	Nom_NOUN
284	conj	VERB
285	obj	Gen_NOUN
286	iobj	Ins_NOUN
287	nsubj	Nom_PRON
288	nsubj	Nom_PRON
289	iobj	Gen_PRON
290	advmod	ADV
291	advmod	PART
292	nsubj	Nom_PROPN
293	conj	Nom_PROPN
294	obl	Gen_PRON
295	obl	Nom_PRON
296	nsubj	Nom_NOUN
297	advmod	ADV
298	cc	ADV
299	nsubj	Nom_NOUN
300	conj	VERB
301	obl	Gen_PRON
302	iobj	Ins_NOUN
303	iobj	Dat_PRON
304	cc	CCONJ
305	acl	VERB
306	cc	CCONJ
307	obl	Ins_NOUN
308	nsubj	Nom_NOUN
309	nsubj	Nom_PRON
310	obl	Loc_NOUN
311	conj	VERB
312	case	ADP
313	conj	VERB
314	obl	Loc_NOUN
315	nsubj	Gen_PROPN
316	conj	VERB
317	cc	CCONJ
318	nsubj	Nom_NOUN
319	obj	Acc_NOUN
320	nsubj	Nom_PROPN
321	advmod	ADV
322	obj	Acc_NOUN
323	conj	VERB
324	obj	Acc_NOUN
325	obl	Dat_NOUN
326	conj	VERB
327	cc	CCONJ
328	ccomp	Loc_NOUN
329	obl	Ins_NOUN
330	obl	Ins_NOUN
331	nsubj	Nom_PROPN
332	ccomp	Nom_DET
333	nsubj	Nom_NOUN
334	obj	Acc_NOUN
335	nsubj	Nom_PRON
336	nsubj	Nom_NOUN
337	obj	Acc_PRON
338	xcomp	VERB
339	nsubj	Nom_NOUN
340	advmod	ADV
341	obl	Loc_NOUN
342	iobj	Ins_NOUN
343	conj	Acc_NOUN
344	conj	Acc_NOUN
345	advmod	Ins_PRON
346	nsubj	Nom_PRON
347	obl	Loc_PROPN
348	conj	VERB
349	cc	CCONJ
350	advmod	PART
351	nsubj	Acc_NOUN
352	obl	Loc_NOUN
353	obl	Dat_NOUN
354	iobj	Dat_NOUN
355	conj	Ins_NOUN
356	nsubj	Nom_PROPN
357	xcomp	VERB
358	discourse	PART
359	discourse	PART
360	iobj	Dat_PRON
361	obj	Gen_NOUN
362	parataxis	VERB
363	obl	Dat_PROPN
364	obj	Acc_NOUN
365	obl	Ins_NOUN
366	cc	CCONJ
367	nsubj	Nom_NOUN
368	advcl	VERB
369	obl	Dat_NOUN
370	obj	Acc_NOUN
371	iobj	Ins_NOUN
372	conj	VERB
373	obl	Ins_NOUN
374	obl	Acc_NOUN
375	advmod	ADV
376	obl	Acc_NOUN
377	nmod	Gen_NOUN
378	conj	Loc_NOUN
379	nsubj	Nom_NOUN
380	cc	CCONJ
381	xcomp	VERB
382	obl	Loc_NOUN
383	advmod	ADV
384	nsubj	Nom_PROPN
385	xcomp	VERB
386	advmod	PART
387	advmod	ADV
388	iobj	Ins_NOUN
389	cc	CCONJ
390	advcl	VERB
391	ccomp	VERB
392	mark	SCONJ
393	obl	Gen_ADJ
394	advmod	ADV
395	nsubj	Nom_NOUN
396	advmod	ADV
397	obj	ADJ
398	nsubj	Nom_NOUN
399	nsubj	Nom_PRON
400	obl	Loc_PROPN
401	conj	ADP
402	conj	Nom_NOUN
403	obj	Acc_NOUN
404	nsubj	Nom_NOUN
405	advmod	ADV
406	cc	CCONJ
407	advmod	ADV
408	advcl	VERB
409	mark	SCONJ
410	obl	Loc_NOUN
411	nsubj	Nom_NOUN
412	advmod	ADV
413	obl	Acc_NOUN
414	iobj	Ins_NOUN
415	obj	Acc_NOUN
416	mark	SCONJ
417	obl	Loc_NOUN
418	obj	Acc_NOUN
419	conj	VERB
420	cc	CCONJ
421	obj	Acc_NOUN
422	nsubj	ADV
423	nsubj	Nom_NOUN
424	nsubj	Nom_NOUN
425	nsubj	Nom_NOUN
426	conj	VERB
427	cc	CCONJ
428	nsubj	Nom_NOUN
429	advmod	ADV
430	obj	Gen_NOUN
431	obl	Acc_NOUN
432	obj	Gen_NOUN
433	nsubj	Nom_PRON
434	advmod	ADV
435	iobj	Dat_PROPN
436	cc:preconj	CCONJ
437	advmod	ADV
438	nsubj	Nom_NOUN
439	conj	VERB
440	nsubj	Nom_PROPN
441	nsubj	Nom_PROPN
442	obl	Ins_NOUN
443	parataxis	VERB
444	nsubj	Nom_PRON
445	obj	Acc_NOUN
446	conj	VERB
447	advmod	ADV
448	advmod	Acc_NOUN
449	obj	Acc_NOUN
450	conj	VERB
451	cc	CCONJ
452	advmod	ADV
453	parataxis	VERB
454	nsubj	Nom_NOUN
455	cc	CCONJ
456	nsubj	Nom_NOUN
457	obj	Gen_PRON
458	ccomp	VERB
459	mark	SCONJ
460	nsubj	Nom_PRON
461	obl	Ins_NOUN
462	nsubj	Nom_NOUN
463	advcl	VERB
464	advmod	ADV
465	advmod	ADV
466	advmod	ADV
467	conj	VERB
468	nsubj	Nom_NOUN
469	obl	Ins_NOUN
470	nsubj	Gen_ADJ
471	iobj	Ins_NOUN
472	conj	Nom_NOUN
473	nsubj	Nom_PRON
474	conj	VERB
475	obj	Acc_NOUN
476	nsubj	Nom_PROPN
477	advmod	ADV
478	obj	Nom_NUM
479	cc	CCONJ
480	nsubj	Nom_PROPN
481	advmod	ADV
482	obl	Ins_NOUN
483	nsubj	Nom_NOUN
484	obj	Acc_NOUN
485	advmod	ADV
486	nsubj	Nom_NOUN
487	obl	Gen_NOUN
488	conj	Gen_PROPN
489	conj	Nom_ADJ
490	conj	Nom_NOUN
491	advcl	VERB
492	mark	SCONJ
493	nsubj	Nom_PRON
494	amod	Gen_DET
495	nsubj	Nom_PROPN
496	advcl	VERB
497	conj	VERB
498	nsubj	Nom_NOUN
499	cc	CCONJ
500	xcomp	VERB
501	nsubj	Nom_PROPN
502	amod	Nom_ADJ
503	advmod	ADV
504	nsubj	Nom_NOUN
505	nsubj	Nom_PRON
506	obl	Nom_ADJ
507	advmod	ADV
508	cc	CCONJ
509	advmod	ADV
510	nsubj	Nom_NUM
511	obl	Loc_NOUN
512	nsubj	Nom_PRON
513	obl	Loc_NOUN
514	obl	Gen_PRON
515	conj	VERB
516	advmod	ADV
517	cc	CCONJ
518	advmod	ADV
519	nsubj	Nom_NOUN
520	nsubj	ADV
521	advmod	PART
522	xcomp	VERB
523	nsubj	Nom_NOUN
524	nsubj	Nom_PRON
525	obl	Gen_NOUN
526	nsubj	Gen_PRON
527	nsubj	Nom_NOUN
528	iobj	Ins_NOUN
529	parataxis	VERB
530	nsubj	Nom_NOUN
531	nsubj	Nom_PROPN
532	nsubj	Nom_NOUN
533	obl	Acc_PRON
534	advmod	ADV
535	conj	Nom_ADJ
536	nsubj	Nom_NOUN
537	obj	Ins_NOUN
538	conj	VERB
539	cc	CCONJ
540	nsubj	Nom_NOUN
541	obl	Ins_PRON
542	nsubj	Nom_PRON
543	advmod	ADV
544	obl	Acc_ADJ
545	conj	VERB
546	obj	Acc_NOUN
547	obj	Acc_NOUN
548	conj	VERB
549	obl	Nom_NOUN
550	conj	VERB
551	cc	CCONJ
552	advmod	ADV
553	obj	Acc_NOUN
554	conj	VERB
555	cc	CCONJ
556	obl	Loc_NOUN
557	nsubj	Nom_PRON
558	advmod	ADV
559	advmod	PART
560	iobj	Ins_NOUN
561	nsubj	Nom_NOUN
562	conj	VERB
563	cc	CCONJ
564	obl	Acc_NOUN
565	advcl	VERB
566	mark	SCONJ
567	obl	Gen_NOUN
568	conj	VERB
569	conj	VERB
570	cc	CCONJ
571	advmod	ADV
572	nsubj	Nom_NOUN
573	advcl	VERB
574	nsubj	Nom_NOUN
575	discourse	PART
576	obj	Acc_PRON
577	conj	ADP
578	nsubj	Nom_PRON
579	iobj	Gen_PRON
580	obl	Acc_NOUN
581	obj	Acc_NOUN
582	advmod	ADV
583	obj	Acc_NOUN
584	xcomp	VERB
585	cc	CCONJ
586	obj	Acc_NOUN
587	iobj	Ins_NOUN
588	conj	Nom_NOUN
589	advmod	ADV
590	nsubj	Nom_NOUN
591	obj	Acc_PRON
592	advmod	Ins_PROPN
593	nsubj	Nom_PROPN
594	conj	VERB
595	conj	VERB
596	cc	CCONJ
597	advmod	ADV
598	obl	Acc_NOUN
599	iobj	Ins_NOUN
600	advmod	ADV
601	nsubj	Nom_PRON
602	obl	Dat_NOUN
603	obl	Loc_NOUN
604	obl	Nom_NOUN
605	advcl	VERB
606	mark	SCONJ
607	obl	Acc_NOUN
608	obj	Acc_NOUN
609	obl	Gen_PRON
610	nsubj	Nom_NOUN
611	obl	Acc_NOUN
612	iobj	Ins_NOUN
613	nsubj	Nom_NOUN
614	parataxis	VERB
615	nsubj	Nom_NOUN
616	obl	ADV
617	nsubj	Nom_NOUN
618	nsubj	Nom_NOUN
619	advmod	ADV
620	obl	Gen_PRON
621	nsubj	Nom_NOUN
622	nsubj	Nom_NOUN
623	nsubj	Nom_PRON
624	conj	VERB
625	conj	Ins_NOUN
626	obj	Acc_NOUN
627	obl	Loc_NOUN
628	ccomp	Acc_NOUN
629	nsubj	Nom_NOUN
630	obl	Ins_NOUN
631	parataxis	VERB
632	nsubj	Nom_NOUN
633	obl	Ins_NOUN
634	iobj	Ins_NOUN
635	nsubj	Nom_PRON
636	advmod	ADV
637	obj	Acc_NOUN
638	conj	VERB
639	cc	CCONJ
640	nsubj	Nom_VERB
641	advmod	ADV
642	nsubj	ADV
643	nsubj	Nom_NOUN
644	advmod	Ins_NOUN
645	conj	Nom_NOUN
646	conj	Nom_NOUN
647	amod	ADJ
648	obj	Acc_NOUN
649	conj	VERB
650	cc	CCONJ
651	nsubj	Nom_NOUN
652	advcl	VERB
653	nsubj	Nom_PRON
654	advmod	PART
655	obl	Dat_NOUN
656	conj	VERB
657	cc	CCONJ
658	obl	Dat_NOUN
659	conj	VERB
660	obj	Acc_PRON
661	cc	CCONJ
662	obj	Acc_NOUN
663	iobj	Ins_NOUN
664	advmod	ADV
665	nsubj	Nom_NOUN
666	obl	Gen_NOUN
667	ccomp	VERB
668	mark	SCONJ
669	nsubj	Nom_NOUN
670	obj	Acc_PRON
671	obl	Acc_NOUN
672	nsubj	Nom_NOUN
673	conj	VERB
674	cc	CCONJ
675	advmod	PART
676	nsubj	Nom_NOUN
677	advmod	ADV
678	obj	Acc_NOUN
679	parataxis	VERB
680	advcl	VERB
681	advmod	ADV
682	nsubj	Nom_NOUN
683	conj	VERB
684	cc	CCONJ
685	nsubj	Nom_PRON
686	obj	Acc_NOUN
687	nsubj	Nom_PROPN
688	discourse	ADV
689	advmod	ADV
690	advcl	VERB
691	cc:preconj	CCONJ
692	advmod	ADV
693	nsubj	Nom_PRON
694	advmod	ADV
695	obl	Acc_NOUN
696	mark	SCONJ
697	nsubj	Nom_PRON
698	ccomp	VERB
699	obl	Gen_PRON
700	advmod	PART
701	obj	Acc_NOUN
702	conj	VERB
703	cc	CCONJ
704	nsubj	ADV
705	obl	Loc_NOUN
706	advcl	VERB
707	nsubj	Nom_NOUN
708	advmod	ADV
709	nsubj	Nom_PROPN
710	obj	Acc_NOUN
711	conj	VERB
712	cc	CCONJ
713	advmod	ADV
714	obj	Acc_PRON
715	ccomp	Acc_VERB
716	nsubj	Nom_DET
717	parataxis	VERB
718	nsubj	Nom_NOUN
719	advmod	ADV
720	conj	VERB
721	obl	Ins_PRON
722	xcomp	Nom_VERB
723	nsubj	Nom_PROPN
724	conj	VERB
725	advmod	ADV
726	obj	Gen_NOUN
727	conj	VERB
728	cc	CCONJ
729	obl	Loc_NOUN
730	obj	Acc_NOUN
731	nsubj	Nom_PROPN
732	obj	Acc_NOUN
733	parataxis	VERB
734	nsubj	Nom_NOUN
735	obj	Nom_PRON
736	nsubj	Nom_NOUN
737	nsubj	Nom_NOUN
738	obl	Acc_NOUN
739	nsubj	ADV
740	advmod	ADV
741	obj	Acc_NOUN
742	conj	Gen_NOUN
743	nsubj	Nom_NOUN
744	advcl	VERB
745	mark	SCONJ
746	nsubj	Nom_PRON
747	iobj	Dat_PRON
748	nsubj	Nom_PROPN
749	obj	Acc_NOUN
750	conj	VERB
751	cc	CCONJ
752	nsubj	Nom_NOUN
753	obj	Acc_NOUN
754	iobj	Ins_NOUN
755	conj	ADP
756	obl	Gen_NOUN
757	nsubj	Nom_PRON
758	advmod	PART
759	nsubj	Nom_PRON
760	nsubj	Nom_PRON
761	conj	VERB
762	cc	CCONJ
763	xcomp	VERB
764	nsubj	Nom_PRON
765	advmod	ADV
766	ccomp	VERB
767	mark	SCONJ
768	nsubj	Nom_NOUN
769	iobj	Dat_PRON
770	nsubj	ADV
771	advmod	ADV
772	advmod	PART
773	acl:relcl	VERB
774	nsubj	Nom_NOUN
775	advmod	ADV
776	obj	Acc_NOUN
777	nsubj	Nom_PRON
778	iobj	Dat_NOUN
779	advmod	ADV
780	obj	Acc_PRON
781	xcomp	VERB
782	nsubj	Nom_NOUN
783	nsubj	Nom_PRON
784	iobj	Dat_PRON
785	nsubj	Nom_NOUN
786	cc	CCONJ
787	obl	Nom_NOUN
788	obl	Acc_NOUN
789	obj	Acc_NOUN
790	nsubj	Nom_PRON
791	conj	Ins_NOUN
792	advmod	ADV
793	obl	Gen_PRON
794	obj	Gen_NOUN
795	nsubj	Nom_PRON
796	advmod	ADV
797	obl	Ins_NOUN
798	nsubj	Nom_NOUN
799	obl	Acc_NOUN
800	obl	Dat_NOUN
801	conj	VERB
802	cc	CCONJ
803	obl	Loc_NOUN
804	advmod	ADV
805	nsubj	Nom_NOUN
806	obj	Acc_NOUN
807	nsubj	Nom_NOUN
808	nsubj	Nom_PROPN
809	obj	Acc_NOUN
810	obl	Acc_NOUN
811	conj	VERB
812	obj	Acc_NOUN
813	parataxis	VERB
814	obl	Ins_NOUN
815	obl	Loc_NOUN
816	obj	Acc_NOUN
817	nsubj	Nom_PROPN
818	obl	Acc_NOUN
819	conj	VERB
820	conj	VERB
821	cc	CCONJ
822	conj	VERB
823	cc	CCONJ
824	advmod	ADV
825	conj	VERB
826	cc	CCONJ
827	iobj	Ins_NOUN
828	obl	Ins_NOUN
829	advmod	ADV
830	nsubj	Nom_NOUN
831	obj	Acc_NOUN
832	conj	VERB
833	cc	CCONJ
834	advmod	ADV
835	ccomp	Nom_VERB
836	advcl	VERB
837	mark	SCONJ
838	nsubj	Nom_NOUN
839	nsubj	Nom_PRON
840	obl	Nom_PROPN
841	obl	Acc_NOUN
842	conj	VERB
843	cc	CCONJ
844	nsubj	Nom_DET
845	obj	Gen_NOUN
846	iobj	Ins_NOUN
847	obl	Gen_PRON
848	nsubj	Nom_PRON
849	obj	Nom_DET
850	iobj	Ins_NOUN
851	conj	VERB
852	obl	Loc_NOUN
853	conj	ADP
854	nsubj	Nom_NOUN
855	obj	Acc_NOUN
856	obl	Gen_PRON
857	advmod	Ins_ADJ
858	obj	Gen_NOUN
859	nsubj	Nom_PROPN
860	nsubj	Nom_PROPN
861	nsubj	Nom_NOUN
862	advmod	ADV
863	conj	VERB
864	appos	VERB
865	nsubj	Nom_NOUN
866	conj	VERB
867	nsubj	Nom_NOUN
868	cc	CCONJ
869	advmod	ADV
870	advmod	ADV
871	conj	VERB
872	cc	CCONJ
873	nsubj	Nom_PROPN
874	obl	Acc_NOUN
875	conj	VERB
876	ccomp	VERB
877	nsubj	Nom_NOUN
878	obl	ADV
879	obl	Acc_NOUN
880	nsubj	Nom_PRON
881	conj	VERB
882	obl	Loc_NOUN
883	obj	Acc_NOUN
884	conj	VERB
885	cc	CCONJ
886	obl	Acc_NOUN
887	obl	Gen_NOUN
888	conj	Acc_NOUN
889	advmod	ADV
890	advmod	ADV
891	conj	VERB
892	cc	CCONJ
893	nsubj	Nom_PRON
894	obj	Gen_NOUN
895	ccomp	Nom_NOUN
896	nsubj	Nom_PROPN
897	advmod	ADV
898	cc	CCONJ
899	advmod	ADV
900	iobj	Dat_PROPN
901	amod	Nom_ADJ
902	nsubj	Nom_PROPN
903	conj	VERB
904	cc	CCONJ
905	nsubj	Nom_PROPN
906	obj	Acc_NOUN
907	nsubj	Nom_NOUN
908	cc	CCONJ
909	obl	Loc_NOUN
910	nsubj	Nom_PRON
911	obl	Acc_NOUN
912	nsubj	Nom_PROPN
913	obl	Loc_NOUN
914	obl	Gen_NOUN
915	conj	Acc_ADJ
916	nsubj	Nom_NOUN
917	advmod	PART
918	parataxis	VERB
919	obj	Acc_PRON
920	xcomp	VERB
921	conj	VERB
922	obl	Dat_NOUN
923	obl	Nom_NOUN
924	obj	Acc_NOUN
925	obl	Gen_NOUN
926	obl	Gen_NOUN
927	discourse	PART
928	obj	Acc_NOUN
929	obl	Acc_PROPN
930	nsubj	Nom_PRON
931	advmod	ADV
932	nsubj	Nom_NOUN
933	parataxis	VERB
934	nsubj	Nom_NOUN
935	nsubj	Nom_PROPN
936	advmod	ADV
937	nsubj	Nom_NOUN
938	nsubj	Nom_NOUN
939	obl	Acc_NOUN
940	conj	VERB
941	conj	Nom_NOUN
942	conj	Acc_NOUN
943	nsubj	Nom_PROPN
944	advmod	ADV
945	nsubj	Nom_PROPN
946	nsubj	Nom_PROPN
947	advmod	ADV
948	obl	Ins_NOUN
949	conj	VERB
950	cc	CCONJ
951	obj	Acc_NOUN
952	cc	CCONJ
953	iobj	Ins_NOUN
954	nsubj	Nom_NOUN
955	advmod	PART
956	conj	VERB
957	nsubj	Nom_NOUN
958	cc	CCONJ
959	advmod	ADV
960	ccomp	VERB
961	mark	SCONJ
962	nsubj	Nom_NOUN
963	advmod	ADV
964	nsubj	Nom_PRON
965	advmod	PART
966	advcl	VERB
967	nsubj	Nom_NOUN
968	obl	Gen_NOUN
969	obl	Acc_NOUN
970	obj	Acc_NOUN
971	nsubj	Nom_NOUN
972	conj	VERB
973	conj	VERB
974	obj	Acc_PRON
975	conj	VERB
976	cc	CCONJ
977	advmod	PART
978	advmod	ADV
979	cc	CCONJ
980	advmod	ADV
981	nsubj	Nom_PRON
982	advmod	PART
983	parataxis	VERB
984	advmod	ADV
985	obj	Acc_NOUN
986	advcl	VERB
987	obj	Acc_NOUN
988	advmod	ADV
989	nsubj	Nom_PROPN
990	nsubj	Nom_NOUN
991	obl	Loc_NOUN
992	iobj	Ins_NOUN
993	cc:preconj	CCONJ
994	mark	SCONJ
995	nsubj	Nom_PRON
996	nsubj	Nom_NOUN
997	mark	SCONJ
998	nsubj	Nom_NOUN
999	iobj	Dat_PRON
1000	obl	Gen_NOUN
1001	xcomp	VERB
1002	advcl	VERB
1003	acl:relcl	VERB
1004	nsubj	Nom_PRON
1005	xcomp	VERB
1006	nsubj	Nom_NOUN
1007	obj	Acc_NOUN
1008	advmod	ADV
1009	nsubj	Nom_PROPN
1010	advmod	ADV
1011	nsubj	Nom_NOUN
1012	parataxis	VERB
1013	mark	SCONJ
1014	nsubj	Nom_NOUN
1015	nsubj	Nom_PRON
1016	obj	Acc_NOUN
1017	xcomp	VERB
1018	advmod	ADV
1019	nsubj	Nom_PROPN
1020	advcl	VERB
1021	nsubj	Nom_PRON
1022	advmod	Ins_NOUN
1023	obj	Acc_NOUN
1024	obj	Acc_PROPN
1025	nsubj	Nom_PRON
1026	discourse	PART
1027	advmod	PART
1028	xcomp	VERB
1029	nsubj	Nom_PRON
1030	nsubj	Gen_NOUN
1031	obl	Gen_NOUN
1032	obj	Acc_NOUN
1033	conj	VERB
1034	advcl	VERB
1035	nsubj	Nom_PRON
1036	advcl	VERB
1037	parataxis	VERB
1038	nsubj	Nom_PROPN
1039	iobj	Dat_NOUN
1040	cc	CCONJ
1041	advmod	ADV
1042	xcomp	VERB
1043	obl	Loc_PROPN
1044	obl	Loc_NOUN
1045	obj	Loc_NOUN
1046	xcomp	VERB
1047	nsubj	Nom_PROPN
1048	conj	Nom_ADJ
1049	nsubj	Nom_PROPN
1050	obl	Loc_NOUN
1051	obj	Acc_NOUN
1052	nsubj	Nom_PRON
1053	advmod	ADV
1054	conj	VERB
1055	cc	CCONJ
1056	nsubj	Nom_NOUN
1057	obl	Dat_NOUN
1058	parataxis	VERB
1059	conj	VERB
1060	conj	VERB
1061	nsubj	Nom_NOUN
1062	parataxis	VERB
1063	nsubj	Nom_PROPN
1064	nmod	Nom_NOUN
1065	cc	CCONJ
1066	advmod	ADV
1067	obj	Acc_NUM
1068	parataxis	VERB
1069	obj	Acc_NOUN
1070	nsubj	Nom_PRON
1071	conj	VERB
1072	cc	CCONJ
1073	iobj	Ins_NOUN
1074	obl	Dat_NOUN
1075	obl	Acc_NOUN
1076	nsubj	Nom_NOUN
1077	obl	Acc_PRON
1078	obl	Ins_NOUN
1079	conj	Gen_NOUN
1080	nsubj	Nom_PRON
1081	advmod	ADV
1082	advmod	ADV
1083	obj	Dat_PRON
1084	obl	Gen_NOUN
1085	advmod	ADV
1086	nsubj	Nom_NOUN
1087	advmod	ADV
1088	nsubj	Nom_PROPN
1089	nsubj	Nom_NOUN
1090	conj	VERB
1091	cc	CCONJ
1092	discourse	PART
1093	obl	Gen_NOUN
1094	mark	SCONJ
1095	mark	SCONJ
1096	nsubj	Nom_PRON
1097	advcl	VERB
1098	obj	Dat_PRON
1099	nsubj	Nom_NOUN
1100	parataxis	VERB
1101	advmod	ADV
1102	advmod	ADV
1103	nsubj	Nom_PROPN
1104	nsubj	Nom_PROPN
1105	parataxis	VERB
1106	nsubj	Nom_PROPN
1107	nsubj	Acc_PRON
1108	nsubj	Nom_NOUN
1109	advmod	ADV
1110	cc	CCONJ
1111	obj	Acc_NOUN
1112	obj	Dat_PRON
1113	obl	Gen_NOUN
1114	advmod	ADV
1115	cc	CCONJ
1116	advmod	ADV
1117	nsubj	Nom_PROPN
1118	conj	Nom_NOUN
1119	parataxis	VERB
1120	obl	Acc_NOUN
1121	acl:relcl	VERB
1122	nsubj	Nom_NOUN
1123	nsubj	Nom_NOUN
1124	advmod	ADV
1125	conj	VERB
1126	nsubj	Nom_PROPN
1127	cc	CCONJ
1128	obl	Acc_NOUN
1129	obl	Loc_NOUN
1130	nsubj	Nom_PROPN
1131	advmod	ADV
1132	conj	VERB
1133	nsubj	Nom_PROPN
1134	cc	CCONJ
1135	obj	Acc_NOUN
1136	obl	Loc_NOUN
1137	nsubj	Nom_NOUN
1138	iobj	Ins_PROPN
1139	parataxis	VERB
1140	nsubj	Nom_NOUN
1141	conj	VERB
1142	cc	CCONJ
1143	amod	Nom_ADJ
1144	amod	Nom_ADJ
1145	obl	Acc_ADJ
1146	obl	Loc_NOUN
1147	nsubj	Nom_NOUN
1148	nsubj	Nom_PRON
1149	nsubj	Nom_PRON
1150	nsubj	Nom_PROPN
1151	nsubj	Nom_NOUN
1152	conj	VERB
1153	cc	CCONJ
1154	obj	Acc_NOUN
1155	nsubj	Nom_PROPN
1156	advmod	ADV
1157	conj	VERB
1158	cc	CCONJ
1159	obl	Loc_NOUN
1160	obl	Gen_PRON
1161	obj	Acc_NOUN
1162	obj	Acc_PROPN
1163	obl	Dat_NOUN
1164	advmod	ADV
1165	nsubj	Nom_PRON
1166	conj	VERB
1167	obj	Acc_NOUN
1168	obl	Acc_NOUN
1169	cc	CCONJ
1170	obl	Gen_NOUN
1171	conj	VERB
1172	nsubj	Nom_PRON
1173	obl	Gen_NOUN
1174	conj	VERB
1175	cc	CCONJ
1176	ccomp	VERB
1177	mark	SCONJ
1178	nsubj	Nom_PROPN
1179	obl	Acc_NOUN
1180	obj	Acc_NOUN
1181	nsubj	Nom_PROPN
1182	advmod	ADV
1183	conj	VERB
1184	cc	CCONJ
1185	advcl	VERB
1186	mark	SCONJ
1187	nsubj	Nom_PRON
1188	conj	VERB
1189	cc	CCONJ
1190	advmod	ADV
1191	obl	Gen_PROPN
1192	advmod	ADV
1193	nsubj	Nom_PROPN
1194	mark	SCONJ
1195	nsubj	Nom_NOUN
1196	advmod	Ins_NOUN
1197	nsubj	Nom_NOUN
1198	advmod	ADV
1199	obl	Acc_NOUN
1200	nsubj	Nom_NOUN
1201	obj	Acc_PRON
1202	obl	Gen_PRON
1203	nsubj	Nom_PRON
1204	obj	Acc_NOUN
1205	xcomp	VERB
1206	obj	Gen_NOUN
1207	advmod	ADV
1208	nsubj	Nom_NOUN
1209	conj	VERB
1210	nsubj	Nom_NOUN
1211	conj	VERB
1212	advmod	ADV
1213	nsubj	Nom_ADJ
1214	nsubj	Nom_PROPN
1215	parataxis	VERB
1216	nsubj	Nom_NOUN
1217	conj	VERB
1218	nsubj	Nom_NOUN
1219	iobj	Ins_NOUN
1220	parataxis	VERB
1221	discourse	PART
1222	cc	CCONJ
1223	xcomp	VERB
1224	parataxis	VERB
1225	nsubj	Nom_PRON
1226	obl	Acc_NOUN
1227	obj	Acc_NOUN
1228	conj	VERB
1229	obj	Acc_NOUN
1230	obl	Loc_PROPN
1231	nsubj	Gen_PROPN
1232	advmod	ADV
1233	advcl	VERB
1234	nsubj	Nom_PRON
1235	parataxis	VERB
1236	nsubj	Nom_NOUN
1237	obj	Acc_PRON
1238	nsubj	Nom_NOUN
1239	conj	VERB
1240	nsubj	Nom_NOUN
1241	conj	VERB
1242	obj	Nom_NOUN
1243	conj	VERB
1244	cc	CCONJ
1245	nsubj	Nom_PROPN
1246	advcl	VERB
1247	nsubj	Nom_NOUN
1248	nsubj	Nom_NOUN
1249	conj	VERB
1250	cc:preconj	CCONJ
1251	obl	Gen_NOUN
1252	nsubj	Nom_PRON
1253	iobj	Dat_PRON
1254	cc:preconj	CCONJ
1255	nsubj	Nom_PRON
1256	advmod	Ins_NOUN
1257	ccomp	Nom_NOUN
1258	advmod	ADV
1259	nsubj	Nom_NOUN
1260	iobj	Ins_NOUN
1261	advcl	VERB
1262	advmod	ADV
1263	nsubj	Nom_NOUN
1264	obl	Acc_NOUN
1265	obl	Acc_NOUN
1266	advcl	VERB
1267	advmod	ADV
1268	obj	Acc_NOUN
1269	obj	Acc_NOUN
1270	advmod	ADV
1271	obj	Acc_NOUN
1272	advmod	ADV
1273	advmod	ADV
1274	advmod	ADV
1275	nsubj	Acc_NOUN
1276	nsubj	Nom_PRON
1277	obl	Gen_NOUN
1278	obl	Nom_NOUN
1279	obl	Gen_NOUN
1280	amod	Nom_ADJ
1281	obl	Loc_NOUN
1282	obj	Acc_NOUN
1283	obl	Gen_PRON
1284	obl	Loc_NOUN
1285	obl	Acc_NOUN
1286	nsubj	Nom_NOUN
1287	advmod	ADV
1288	obl	Acc_NOUN
1289	obl	Acc_NOUN
1290	obj	Acc_PRON
1291	nsubj	Nom_PROPN
1292	nsubj	Nom_PRON
1293	conj	VERB
1294	cc	CCONJ
1295	case	ADP
1296	nsubj	Nom_PRON
1297	iobj	Dat_PRON
1298	obl	Loc_NOUN
1299	conj	Acc_NOUN
1300	nsubj	Nom_PROPN
1301	obl	Gen_PROPN
1302	nsubj	Nom_PROPN
1303	nsubj	Nom_NOUN
1304	obl	Gen_NOUN
1305	conj	VERB
1306	cc	CCONJ
1307	obj	Acc_PRON
1308	nsubj	Nom_NOUN
1309	obl	Dat_NOUN
1310	obl	Loc_NOUN
1311	obl	Gen_NOUN
1312	nsubj	Gen_NOUN
1313	advmod	ADV
1314	conj	Nom_PROPN
1315	advmod	ADV
1316	advmod	ADV
1317	conj	VERB
1318	cc	CCONJ
1319	obj	Acc_NOUN
1320	obl	Acc_NOUN
1321	obj	Acc_NOUN
1322	nmod	Ins_NOUN
1323	nsubj	Nom_NOUN
1324	obj	Acc_NOUN
1325	nsubj	Nom_NOUN
1326	nsubj	Nom_NOUN
1327	conj	VERB
1328	cc	CCONJ
1329	advmod	ADV
1330	advmod	ADV
1331	obl	Ins_PRON
1332	obj	Acc_NOUN
1333	cc	CCONJ
1334	nsubj	Nom_NOUN
1335	advmod	ADV
1336	nsubj	Nom_PROPN
1337	nsubj	Nom_PRON
1338	obj	Dat_PRON
1339	nsubj	Nom_NOUN
1340	advmod	ADV
1341	nsubj	Nom_NUM
1342	nsubj	Nom_PRON
1343	obl	Dat_PRON
1344	parataxis	VERB
1345	advmod	ADV
1346	obj	Acc_ADJ
1347	obl	Loc_NOUN
1348	nsubj	Nom_PROPN
1349	aux:pass	AUX
1350	nsubj	Acc_PRON
1351	obl	Acc_NOUN
1352	nsubj	Nom_PROPN
1353	obj	Acc_NOUN
1354	parataxis	VERB
1355	obl	Loc_NOUN
1356	nsubj	Nom_PROPN
1357	conj	VERB
1358	cc	CCONJ
1359	iobj	Ins_NOUN
1360	advmod	ADV
1361	nsubj	Nom_PROPN
1362	nsubj	Nom_ADJ
1363	advmod	ADV
1364	nsubj	Nom_PROPN
1365	ccomp	Ins_NOUN
1366	nsubj	Nom_PRON
1367	conj	Nom_NOUN
1368	obl	Dat_NOUN
1369	nsubj	Nom_PRON
1370	obl	Dat_PRON
1371	conj	VERB
1372	obl	Ins_NOUN
1373	nsubj	Nom_PROPN
1374	ccomp	VERB
1375	obl	Dat_PRON
1376	obl	Gen_NOUN
1377	acl:relcl	VERB
1378	obl	Loc_PRON
1379	nsubj	Nom_NOUN
1380	nsubj	Nom_PRON
1381	obl	Ins_NOUN
1382	parataxis	VERB
1383	nsubj	Nom_PROPN
1384	nsubj	Nom_PROPN
1385	obl	Loc_NOUN
1386	nsubj	Nom_PRON
1387	nsubj	Nom_PROPN
1388	conj	VERB
1389	cc	CCONJ
1390	obj	Acc_NOUN
1391	obl	Dat_NOUN
1392	ccomp	VERB
1393	mark	SCONJ
1394	obl	Loc_NOUN
1395	nsubj	Nom_PRON
1396	obj	Acc_NOUN
1397	obj	Acc_NOUN
1398	nsubj	Nom_PROPN
1399	conj	VERB
1400	cc	CCONJ
1401	discourse	PART
1402	xcomp	VERB
1403	advmod	ADV
1404	nsubj	Nom_PROPN
1405	appos	Nom_NOUN
1406	obj	Acc_PROPN
1407	acl	Nom_VERB
1408	obl	Loc_NOUN
1409	advmod	PART
1410	advcl	VERB
1411	nsubj	Nom_NOUN
1412	advcl	VERB
1413	obj	Acc_PRON
1414	nsubj	Nom_PROPN
1415	parataxis	VERB
1416	obl	Dat_NOUN
1417	nsubj	Nom_PRON
1418	cc	CCONJ
1419	xcomp	VERB
1420	nsubj	Nom_NOUN
1421	obj	Acc_PRON
1422	advmod	ADV
1423	obl	Loc_NOUN
1424	nsubj	Nom_PROPN
1425	advmod	ADV
1426	nsubj	Nom_NOUN
1427	obl	Ins_PROPN
1428	mark	SCONJ
1429	nsubj	Nom_NOUN
1430	conj	VERB
1431	cc	CCONJ
1432	nsubj	Nom_PRON
1433	advmod	PART
1434	obj	Gen_NOUN
1435	advcl	VERB
1436	parataxis	VERB
1437	nsubj	Nom_PROPN
1438	acl	Ins_VERB
1439	obl	Loc_NOUN
1440	obj	Ins_NOUN
1441	advmod	ADV
1442	nsubj	Nom_PROPN
1443	obj	Acc_NOUN
1444	xcomp	VERB
1445	nsubj	Nom_PRON
1446	iobj	Ins_NOUN
1447	conj	VERB
1448	conj	VERB
1449	mark	SCONJ
1450	nsubj	Nom_PROPN
1451	cc	ADV
1452	nsubj	Nom_PRON
1453	obl	Loc_NOUN
1454	conj	VERB
1455	cc	CCONJ
1456	nsubj	Gen_NOUN
1457	obl	Loc_ADJ
1458	cc:preconj	CCONJ
1459	nsubj	Nom_PROPN
1460	nsubj	Nom_PROPN
1461	advmod	ADV
1462	amod	Ins_ADJ
1463	xcomp	VERB
1464	conj	VERB
1465	advmod	ADV
1466	nsubj	Acc_PRON
1467	nsubj	Nom_NOUN
1468	nsubj	Nom_NOUN
1469	conj	VERB
1470	nsubj	Nom_PROPN
1471	nsubj	Nom_PRON
1472	obl	Acc_PRON
1473	obl	Acc_NOUN
1474	obl	Gen_NOUN
1475	nsubj	Nom_PROPN
1476	parataxis	VERB
1477	nsubj	Nom_PROPN
1478	advmod	ADV
1479	obj	Acc_PROPN
1480	obj	Acc_PRON
1481	obj	Acc_NOUN
1482	nsubj	Nom_NOUN
1483	obl	Loc_NOUN
1484	nsubj	Nom_NOUN
1485	obl	Acc_PRON
1486	nsubj	Nom_PROPN
1487	conj	Loc_ADJ
1488	conj	Nom_NOUN
1489	advmod	PART
1490	iobj	Ins_NOUN
1491	conj	VERB
1492	nsubj	Nom_PROPN
1493	obj	Acc_NOUN
1494	obl	Gen_NOUN
1495	conj	VERB
1496	cc	CCONJ
1497	obl	Acc_PRON
1498	nsubj	Nom_NOUN
1499	obj	Acc_PRON
1500	nsubj	Nom_NOUN
1501	mark	SCONJ
1502	nsubj	Acc_PRON
1503	obj	Acc_PRON
1504	nsubj	Nom_PROPN
1505	nsubj	Nom_NOUN
1506	nsubj	Nom_NOUN
1507	advmod	ADV
1508	nsubj	Nom_PRON
1509	obj	Acc_NOUN
1510	obl	Loc_PROPN
1511	advmod	ADV
1512	obl	Dat_PRON
1513	conj	Nom_VERB
1514	cc	CCONJ
1515	obl	Loc_NOUN
1516	nsubj	Nom_PROPN
1517	conj	Nom_PROPN
1518	mark	SCONJ
1519	nsubj	Nom_PRON
1520	mark	SCONJ
1521	nsubj	Nom_PRON
1522	iobj	Dat_PRON
1523	xcomp	VERB
1524	nsubj	Acc_PRON
1525	obl	Acc_NOUN
1526	xcomp	VERB
1527	acl:relcl	VERB
1528	advmod	ADV
1529	nsubj	Nom_PRON
1530	obl	Gen_NOUN
1531	obl	Gen_NOUN
1532	mark	SCONJ
1533	nsubj	Nom_PRON
1534	obj	Acc_NOUN
1535	conj	VERB
1536	obj	Acc_NOUN
1537	obl	Acc_PROPN
1538	nsubj	Nom_NOUN
1539	nsubj	Nom_PRON
1540	advmod	ADV
1541	nsubj	Nom_PROPN
1542	obl	Loc_PRON
1543	obl	Loc_NOUN
1544	mark	SCONJ
1545	nsubj	Nom_NOUN
1546	discourse	PART
1547	advmod	PART
1548	nsubj	Nom_PRON
1549	obl	Gen_PRON
1550	advmod	ADV
1551	obj	Acc_NOUN
1552	advmod	Ins_NOUN
1553	nsubj	Nom_PROPN
1554	obl	Dat_PROPN
1555	xcomp	VERB
1556	nsubj	Nom_PROPN
1557	obj	Nom_PROPN
1558	conj	VERB
1559	advcl	VERB
1560	conj	Nom_ADJ
1561	nsubj	Nom_PRON
1562	obj	Acc_NOUN
1563	nsubj	Nom_PROPN
1564	advmod	ADV
1565	obj	Acc_NOUN
1566	conj	VERB
1567	cc	CCONJ
1568	nsubj	Nom_PRON
1569	nsubj	Nom_PRON
1570	obl	Dat_NOUN
1571	nsubj	Nom_PRON
1572	obl	Loc_NOUN
1573	obj	Gen_NOUN
1574	xcomp	VERB
1575	nsubj	Nom_PRON
1576	obj	Acc_NOUN
1577	conj	VERB
1578	cc	CCONJ
1579	mark	SCONJ
1580	obj	Acc_NOUN
1581	advmod	ADV
1582	obj	Acc_NOUN
1583	ccomp	Acc_NOUN
1584	mark	SCONJ
1585	discourse	PART
1586	nsubj	Nom_DET
1587	nsubj	Nom_PRON
1588	advcl	VERB
1589	nmod	Gen_PROPN
1590	cop	AUX
1591	nsubj	Nom_NOUN
1592	advmod	ADV
1593	obj	Acc_NOUN
1594	parataxis	VERB
1595	nsubj	Nom_NOUN
1596	advcl	VERB
1597	advcl	VERB
1598	nsubj	Nom_PRON
1599	iobj	Dat_PROPN
1600	nsubj	Nom_PROPN
1601	obj	Acc_NOUN
1602	xcomp	VERB
1603	advmod	ADV
1604	nsubj	Nom_PROPN
1605	nsubj	Nom_PRON
1606	iobj	Dat_NOUN
1607	conj	Nom_NOUN
1608	acl:relcl	VERB
1609	nsubj	Nom_PRON
1610	advmod	ADV
1611	nsubj	Nom_PROPN
1612	parataxis	Nom_PROPN
1613	advmod	ADV
1614	nsubj	Nom_NOUN
1615	obj	Gen_NOUN
1616	xcomp	VERB
1617	advmod	ADV
1618	nsubj	Nom_PROPN
1619	advcl	VERB
1620	nsubj	Nom_NOUN
1621	obl	Loc_NOUN
1622	conj	VERB
1623	cc	CCONJ
1624	nsubj	Nom_NOUN
1625	advmod	Ins_NOUN
1626	mark	SCONJ
1627	nsubj	Nom_PRON
1628	nsubj	Nom_NOUN
1629	parataxis	VERB
1630	advcl	Ins_NOUN
1631	nsubj	Nom_NOUN
1632	obj	Acc_PRON
1633	obl	Acc_NOUN
1634	conj	VERB
1635	cc	CCONJ
1636	nsubj	Nom_PRON
1637	obj	Nom_ADJ
1638	obj	Acc_PRON
1639	xcomp	VERB
1640	cc	CCONJ
1641	obl	Acc_PRON
1642	obl	Ins_NOUN
1643	nsubj	Nom_PROPN
1644	nsubj	Nom_NOUN
1645	nsubj	Nom_NOUN
1646	nsubj	Nom_NOUN
1647	nsubj	Nom_PROPN
1648	advmod	ADV
1649	conj	VERB
1650	nsubj	Nom_PROPN
1651	cc	CCONJ
1652	obj	Acc_NOUN
1653	advmod	ADV
1654	obj	Acc_NOUN
1655	nsubj	Nom_PROPN
1656	nsubj	Nom_PROPN
1657	nsubj	Nom_PRON
1658	advmod	ADV
1659	nsubj	Nom_NOUN
1660	obl	Gen_NOUN
1661	parataxis	VERB
1662	nsubj	Nom_NOUN
1663	obj	Acc_NOUN
1664	conj	VERB
1665	mark	SCONJ
1666	obl	Ins_PRON
1667	obj	Acc_NOUN
1668	nsubj	Nom_PROPN
1669	obl	Acc_NOUN
1670	conj	VERB
1671	cc	CCONJ
1672	obl	Ins_PROPN
1673	obj	Acc_NOUN
1674	obl	Ins_NOUN
1675	nmod	Loc_NOUN
1676	iobj	Ins_NOUN
1677	nsubj	Nom_NOUN
1678	obl	Loc_NOUN
1679	acl	Loc_VERB
1680	nsubj	Nom_NOUN
1681	iobj	Dat_NOUN
1682	obl	Loc_PRON
1683	mark	SCONJ
1684	mark	SCONJ
1685	nsubj	Nom_NOUN
1686	advmod	ADV
1687	iobj	Ins_NOUN
1688	nsubj	Nom_PROPN
1689	conj	VERB
1690	nsubj	Nom_PRON
1691	cc	CCONJ
1692	obl	Ins_NOUN
1693	iobj	Ins_NOUN
1694	advmod	ADV
1695	obj	Acc_PRON
1696	advmod	ADV
1697	nsubj	Nom_PROPN
1698	nsubj	Nom_NOUN
1699	cc:preconj	CCONJ
1700	mark	SCONJ
1701	xcomp	VERB
1702	amod	Gen_ADJ
1703	conj	Gen_NOUN
1704	nsubj	Nom_PROPN
1705	nsubj	Nom_PRON
1706	aux:pass	AUX
1707	obl	Gen_NOUN
1708	obl	Loc_NOUN
1709	iobj	Ins_NOUN
1710	conj	VERB
1711	advmod	ADV
1712	conj	VERB
1713	cc	CCONJ
1714	iobj	Ins_NOUN
1715	nsubj	ADV
1716	nsubj	Nom_PRON
1717	obl	Ins_NOUN
1718	parataxis	VERB
1719	nsubj	Nom_NOUN
1720	conj	VERB
1721	advmod	ADV
1722	obj	Acc_NOUN
1723	nsubj	Nom_PRON
1724	ccomp	Nom_ADJ
1725	cc	CCONJ
1726	obl	Acc_NOUN
1727	nsubj	Nom_PRON
1728	advmod	ADV
1729	xcomp	VERB
1730	nsubj	Nom_PROPN
1731	cc	CCONJ
1732	obl	Acc_NOUN
1733	obj	Acc_PRON
1734	ccomp	VERB
1735	mark	SCONJ
1736	nsubj	Nom_PRON
1737	advmod	ADV
1738	nsubj	Nom_PRON
1739	xcomp	VERB
1740	mark	SCONJ
1741	iobj	Dat_PRON
1742	obl	Acc_NOUN
1743	advmod	ADV
1744	mark	SCONJ
1745	nsubj	Nom_NOUN
1746	advmod	ADV
1747	nsubj	Nom_ADJ
1748	cc	CCONJ
1749	nsubj	Nom_PRON
1750	conj	VERB
1751	nsubj	Nom_PROPN
1752	cc	CCONJ
1753	iobj	Ins_NOUN
1754	xcomp	Acc_VERB
1755	obl	Gen_NOUN
1756	nsubj	Nom_NOUN
1757	cc	CCONJ
1758	mark	SCONJ
1759	nsubj	Nom_PRON
1760	ccomp	Nom_NOUN
1761	obl	Ins_NOUN
1762	nsubj	Nom_PRON
1763	obl	Acc_NOUN
1764	appos	ADJ
1765	nsubj	Nom_PROPN
1766	iobj	Dat_NOUN
1767	nsubj	Nom_NOUN
1768	advmod	ADV
1769	advcl	VERB
1770	nsubj	Nom_PROPN
1771	nsubj	Nom_PROPN
1772	nsubj	Nom_NOUN
1773	amod	Nom_ADJ
1774	discourse	ADV
1775	iobj	Ins_NOUN
1776	iobj	Ins_NOUN
1777	advmod	ADV
1778	iobj	Ins_NOUN
1779	mark	SCONJ
1780	obj	Acc_PRON
1781	advmod	ADV
1782	obl	Loc_PROPN
1783	nsubj	Gen_PROPN
1784	obl	Loc_NOUN
1785	obj	Acc_NOUN
1786	conj	VERB
1787	nsubj	Nom_PRON
1788	nsubj	Nom_NOUN
1789	parataxis	VERB
1790	nsubj	Nom_PROPN
1791	obl	Loc_NOUN
1792	obj	Acc_NOUN
1793	acl	Acc_VERB
1794	conj	VERB
1795	cc	CCONJ
1796	obj	Acc_NOUN
1797	obl	Acc_NOUN
1798	acl	Ins_VERB
1799	iobj	Ins_NOUN
1800	nsubj	Nom_NOUN
1801	parataxis	VERB
1802	nsubj	Nom_NOUN
1803	obl	Loc_NOUN
1804	obl	Ins_NOUN
1805	obl	Gen_NOUN
1806	conj	VERB
1807	cc	CCONJ
1808	nsubj	Nom_PROPN
1809	advcl	VERB
1810	nsubj	Nom_PROPN
1811	advmod	ADV
1812	iobj	Ins_NOUN
1813	acl	VERB
1814	nsubj	Nom_PRON
1815	nsubj	Nom_PRON
1816	obj	Gen_NOUN
1817	obl	Gen_PRON
1818	obl	Loc_NOUN
1819	cc:preconj	CCONJ
1820	mark	SCONJ
1821	nsubj	Nom_PRON
1822	nsubj	Nom_PROPN
1823	obj	Acc_PRON
1824	advmod	ADV
1825	obj	Gen_PRON
1826	nsubj	Nom_PRON
1827	advmod	ADV
1828	xcomp	VERB
1829	conj	VERB
1830	obl	Loc_NOUN
1831	nsubj	Nom_PROPN
1832	obl	Ins_NOUN
1833	nsubj	Nom_ADJ
1834	amod	Nom_ADJ
1835	obl	Loc_NOUN
1836	nsubj	Nom_PROPN
1837	advcl	VERB
1838	conj	VERB
1839	cc	CCONJ
1840	obl	Loc_NOUN
1841	nsubj	Nom_NOUN
1842	iobj	Dat_PROPN
1843	nsubj	Nom_NOUN
1844	nsubj	Nom_PRON
1845	iobj	Dat_PRON
1846	advmod	PART
1847	conj	VERB
1848	advcl	VERB
1849	nsubj	Nom_NOUN
1850	advmod	ADV
1851	ccomp	VERB
1852	mark	SCONJ
1853	nsubj	Nom_PRON
1854	xcomp	VERB
1855	conj	VERB
1856	nsubj	Nom_NOUN
1857	parataxis	VERB
1858	nsubj	Nom_PRON
1859	advcl	VERB
1860	nsubj	Nom_NOUN
1861	nsubj	Nom_NOUN
1862	iobj	Acc_DET
1863	advmod	PART
1864	obl	Acc_NOUN
1865	nsubj	Nom_PROPN
1866	advcl	VERB
1867	obl	Acc_NOUN
1868	obj	Acc_NOUN
1869	conj	Acc_NOUN
1870	nsubj	Nom_PROPN
1871	aux:pass	AUX
1872	advmod	ADV
1873	nsubj	Nom_PROPN
1874	conj	VERB
1875	cc	CCONJ
1876	obj	Acc_PROPN
1877	mark	SCONJ
1878	nsubj	Nom_PRON
1879	nsubj	Nom_DET
1880	xcomp	VERB
1881	parataxis	VERB
1882	nsubj	Nom_PROPN
1883	obj	Acc_PROPN
1884	advmod	ADV
1885	advmod	ADV
1886	nsubj	Nom_PROPN
1887	obj	Acc_PROPN
1888	nsubj	VERB
1889	xcomp	VERB
1890	obj	Acc_NOUN
1891	xcomp	VERB
1892	conj	VERB
1893	cc	CCONJ
1894	advmod	ADV
1895	nsubj	Nom_DET
1896	obj	Acc_NOUN
1897	advmod	ADV
1898	obl	Loc_NOUN
1899	obj	Acc_NOUN
1900	conj	VERB
1901	advmod	ADV
1902	advmod	PART
1903	obl	Loc_NOUN
1904	advmod	ADV
1905	nsubj	Nom_PROPN
1906	advcl	VERB
1907	cc	CCONJ
1908	obj	Acc_NOUN
1909	acl	VERB
1910	obl	VERB
1911	nsubj	Nom_PROPN
1912	ccomp	VERB
1913	nsubj	Nom_PRON
1914	advcl	VERB
1915	nsubj	Nom_PROPN
1916	obj	Acc_NOUN
1917	parataxis	VERB
1918	nsubj	Nom_PRON
1919	advmod	ADV
1920	advmod	ADV
1921	nsubj	Nom_PRON
1922	iobj	Gen_PRON
1923	mark	SCONJ
1924	nsubj	Nom_PRON
1925	mark	SCONJ
1926	conj	Nom_NOUN
1927	parataxis	VERB
1928	obl	Loc_NOUN
1929	nsubj	Nom_NOUN
1930	obl	Gen_PRON
1931	nsubj	Nom_PRON
1932	obj	Acc_NOUN
1933	obl	Loc_NOUN
1934	nsubj	Nom_NOUN
1935	conj	Nom_VERB
1936	conj	VERB
1937	iobj	Ins_NOUN
1938	mark	SCONJ
1939	acl	Gen_VERB
1940	nsubj	Nom_NOUN
1941	obl	Loc_NOUN
1942	obl	Acc_NOUN
1943	obj	Gen_NOUN
1944	nsubj	Gen_DET
1945	cc:preconj	CCONJ
1946	obl	Gen_NOUN
1947	nsubj	Nom_NOUN
1948	obj	Acc_NOUN
1949	nsubj	Nom_PRON
1950	advmod	PART
1951	obl	Loc_NOUN
1952	advmod	PART
1953	parataxis	VERB
1954	advmod	ADV
1955	nsubj	Nom_PRON
1956	ccomp	VERB
1957	advcl	VERB
1958	mark	SCONJ
1959	advmod	ADV
1960	nsubj	Nom_NOUN
1961	nsubj	Nom_PRON
1962	xcomp	VERB
1963	conj	ADP
1964	mark	SCONJ
1965	nsubj	Nom_PRON
1966	advmod	ADV
1967	advmod	PART
1968	mark	SCONJ
1969	obj	Acc_NOUN
1970	nsubj	Nom_PROPN
1971	xcomp	VERB
1972	mark	SCONJ
1973	nsubj	Nom_NOUN
1974	obl	Loc_PROPN
1975	xcomp	VERB
1976	cc	CCONJ
1977	obj	Acc_NOUN
1978	advcl	VERB
1979	nsubj	Nom_ADJ
1980	acl	Gen_VERB
1981	advmod	Ins_NOUN
1982	nsubj	Nom_PROPN
1983	conj	VERB
1984	cc	CCONJ
1985	obj	Acc_NOUN
1986	nsubj	Nom_PROPN
1987	nsubj	Nom_PRON
1988	advmod	PART
1989	obj	Gen_NOUN
1990	parataxis	VERB
1991	nsubj	Nom_PRON
1992	conj	VERB
1993	cc	CCONJ
1994	advmod	ADV
1995	obl	Acc_NOUN
1996	nsubj	Nom_PRON
1997	iobj	Ins_NOUN
1998	obl	Gen_NOUN
1999	nsubj	Nom_PROPN
2000	advmod	Ins_NOUN
2001	obl	Acc_NOUN
2002	nsubj	Nom_PROPN
2003	obj	Acc_NOUN
2004	cc	CCONJ
2005	discourse	PART
2006	nsubj	Nom_PRON
2007	iobj	Gen_PRON
2008	obl	Loc_NOUN
2009	nsubj	Nom_PROPN
2010	obj	Acc_NOUN
2011	obl	Gen_NOUN
2012	nsubj	Nom_NOUN
2013	obj	Acc_PRON
2014	obl	Acc_NOUN
2015	obl	Gen_NOUN
2016	obl	Acc_NOUN
2017	conj	VERB
2018	advmod	ADV
2019	obj	Acc_NOUN
2020	obl	Acc_NOUN
2021	conj	VERB
2022	advmod	ADV
2023	advmod	ADV
2024	parataxis	VERB
2025	nsubj	Nom_PRON
2026	advmod	ADV
2027	nsubj	Nom_PROPN
2028	advmod	ADV
2029	obj	Acc_NOUN
2030	parataxis	VERB
2031	obl	Dat_NOUN
2032	nsubj	Nom_NOUN
2033	nsubj	Nom_NOUN
2034	nsubj	Nom_PRON
2035	nsubj	Nom_NOUN
2036	obj	Acc_NOUN
2037	discourse	PART
2038	nsubj	Acc_PRON
2039	obj	Acc_PRON
2040	advmod	PART
2041	nsubj	Nom_PRON
2042	nsubj	Nom_PRON
2043	obl	Ins_NOUN
2044	parataxis	VERB
2045	advmod	ADV
2046	nsubj	Nom_PROPN
2047	obl	Gen_NOUN
2048	obj	Ins_NOUN
2049	conj	VERB
2050	cc	CCONJ
2051	nsubj	Nom_ADJ
2052	obl	Acc_PRON
2053	conj	VERB
2054	advcl	VERB
2055	nsubj	Nom_DET
2056	obj	Acc_NOUN
2057	obl	Loc_NOUN
2058	acl:relcl	VERB
2059	obl	Gen_PRON
2060	obj	Gen_NOUN
2061	obl	Loc_NOUN
2062	nsubj	Nom_NOUN
2063	acl:relcl	VERB
2064	advmod	ADV
2065	obj	Acc_NOUN
2066	nsubj	Nom_PRON
2067	nsubj	Nom_PROPN
2068	nsubj	Nom_PROPN
2069	ccomp	VERB
2070	advmod	ADV
2071	mark	SCONJ
2072	nsubj	Nom_NOUN
2073	obj	Acc_NOUN
2074	nsubj	Nom_PRON
2075	ccomp	Nom_ADJ
2076	discourse	CCONJ
2077	discourse	PART
2078	advmod	ADV
2079	nsubj	Nom_PRON
2080	obl	Acc_PRON
2081	obj	Gen_NOUN
2082	conj	VERB
2083	cc	CCONJ
2084	obj	Gen_NOUN
2085	parataxis	VERB
2086	nsubj	Nom_NOUN
2087	amod	Nom_ADJ
2088	nsubj	Dat_NOUN
2089	xcomp	VERB
2090	nsubj	Nom_PRON
2091	iobj	Dat_PRON
2092	advmod	PART
2093	conj	Nom_NOUN
2094	nsubj	Nom_PRON
2095	advmod	ADV
2096	advcl	VERB
2097	advmod	ADV
2098	advmod	ADV
2099	obj	Acc_NOUN
2100	nsubj	Nom_PROPN
2101	obl	Acc_NOUN
2102	parataxis	VERB
2103	amod	Acc_ADJ
2104	obl	Acc_PRON
2105	advcl	VERB
2106	nsubj	Nom_PRON
2107	iobj	Dat_NOUN
2108	conj	VERB
2109	cc	CCONJ
2110	nsubj	Nom_NOUN
2111	iobj	Ins_NOUN
2112	nsubj	Nom_NOUN
2113	obl	Acc_NOUN
2114	obl	Ins_NOUN
2115	obl	Loc_NOUN
2116	nmod	Nom_NOUN
2117	nmod	Acc_NOUN
2118	conj	VERB
2119	cc	CCONJ
2120	obl	Loc_NOUN
2121	advcl	VERB
2122	advmod	ADV
2123	nsubj	Nom_NOUN
2124	advmod	ADV
2125	obl	Gen_PRON
2126	cc	CCONJ
2127	advmod	ADV
2128	advmod	ADP
2129	nsubj	Nom_NOUN
2130	advmod	PART
2131	nsubj	Nom_PROPN
2132	nsubj	Nom_PROPN
2133	nsubj	Nom_PRON
2134	advmod	ADV
2135	mark	SCONJ
2136	nsubj	Nom_NOUN
2137	advmod	PART
2138	obl	Dat_ADJ
2139	nsubj	Nom_NOUN
2140	advcl	VERB
2141	discourse	PART
2142	discourse	PART
2143	nsubj	Nom_PRON
2144	obj	Acc_NOUN
2145	nsubj	Nom_NOUN
2146	obl	Dat_ADJ
2147	nsubj	Nom_NOUN
2148	nsubj	Nom_PRON
2149	nsubj	Nom_PROPN
2150	xcomp	Nom_VERB
2151	conj	VERB
2152	nsubj	Nom_NOUN
2153	obj	Acc_PRON
2154	parataxis	VERB
2155	nsubj	Nom_PRON
2156	obj	Gen_PRON
2157	nsubj	Nom_PROPN
2158	mark	SCONJ
2159	obl	Ins_PRON
2160	nsubj	Nom_PROPN
2161	obj	Gen_PRON
2162	advmod	ADV
2163	nsubj	Nom_PRON
2164	cc	CCONJ
2165	parataxis	VERB
2166	nsubj	Nom_PROPN
2167	obj	Acc_NOUN
2168	conj	VERB
2169	cc	CCONJ
2170	advcl	VERB
2171	obj	Acc_PRON
2172	obl	Ins_NOUN
2173	nsubj	Nom_NOUN
2174	conj	VERB
2175	cc	CCONJ
2176	appos	Nom_PROPN
2177	nsubj	Nom_PROPN
2178	nsubj	Nom_NOUN
2179	obj	Acc_PRON
2180	nsubj	Nom_PROPN
2181	nsubj	Nom_PRON
2182	conj	VERB
2183	obj	Acc_NOUN
2184	conj	VERB
2185	cc	CCONJ
2186	obj	Acc_PRON
2187	xcomp	Dat_VERB
2188	advmod	ADV
2189	obl	Dat_NOUN
2190	acl	Nom_VERB
2191	advmod	ADV
2192	conj	VERB
2193	cc	CCONJ
2194	advcl	VERB
2195	obj	Acc_NOUN
2196	obl	Acc_NOUN
2197	nsubj	Nom_PROPN
2198	nsubj	Nom_PRON
2199	ccomp	VERB
2200	obj	Acc_PRON
2201	conj	Nom_NOUN
2202	cc	CCONJ
2203	nsubj	Nom_PRON
2204	advmod	ADV
2205	advmod	PART
2206	nsubj	Nom_PROPN
2207	nsubj	Nom_NOUN
2208	advcl	VERB
2209	mark	SCONJ
2210	nsubj	Nom_PRON
2211	nsubj	Nom_PRON
2212	nsubj	Nom_PROPN
2213	obl	Ins_NOUN
2214	nsubj	Nom_NOUN
2215	acl:relcl	VERB
2216	advmod	ADV
2217	nsubj	Nom_DET
2218	nsubj	Nom_PRON
2219	advmod	ADV
2220	advmod	PART
2221	advmod	ADV
2222	obj	Acc_NOUN
2223	advmod	ADV
2224	advcl	VERB
2225	mark	SCONJ
2226	discourse	PART
2227	nsubj	Nom_PRON
2228	xcomp	VERB
2229	obl	Gen_PRON
2230	xcomp	VERB
2231	nsubj	Nom_PRON
2232	parataxis	VERB
2233	advmod	ADV
2234	advmod	PART
2235	conj	VERB
2236	obl	Ins_NOUN
2237	obl	Loc_NOUN
2238	advmod	ADV
2239	obj	Acc_NOUN
2240	obl	Loc_ADJ
2241	advmod	PART
2242	conj	VERB
2243	nsubj	Nom_PROPN
2244	nsubj	Nom_NOUN
2245	nsubj	Nom_NOUN
2246	obl	Gen_PRON
2247	mark	SCONJ
2248	iobj	Dat_PRON
2249	parataxis	VERB
2250	nsubj	Nom_NOUN
2251	nsubj	Nom_PRON
2252	acl:relcl	Nom_PRON
2253	mark	SCONJ
2254	nsubj	Nom_PRON
2255	nsubj	Nom_PRON
2256	obl	Loc_NOUN
2257	discourse	PART
2258	conj	VERB
2259	advmod	PART
2260	obj	Acc_NOUN
2261	advmod	PART
2262	conj	Gen_NOUN
2263	advmod	ADV
2264	nsubj	Nom_NOUN
2265	cc:preconj	CCONJ
2266	obj	Acc_NOUN
2267	advmod	PART
2268	nsubj	Nom_NOUN
2269	obl	Acc_NOUN
2270	conj	VERB
2271	cc	CCONJ
2272	advmod	ADV
2273	advmod	PART
2274	nsubj	Nom_ADJ
2275	advmod	ADV
2276	obl	Acc_NOUN
2277	obl	Ins_NOUN
2278	obl	Ins_NOUN
2279	conj	VERB
2280	cc	CCONJ
2281	conj	VERB
2282	iobj	Ins_NOUN
2283	obl	Dat_NOUN
2284	nsubj	Nom_NOUN
2285	obj	Acc_NOUN
2286	advmod	Acc_NOUN
2287	obl	Acc_NOUN
2288	obl	Ins_NOUN
2289	nsubj	Nom_NOUN
2290	advcl	VERB
2291	parataxis	VERB
2292	mark	SCONJ
2293	nsubj	Nom_NOUN
2294	obj	Nom_DET
2295	obl	Ins_NOUN
2296	advmod	ADV
2297	nsubj	Nom_PRON
2298	obl	Loc_NOUN
2299	advmod	ADV
2300	nsubj	Nom_PRON
2301	advmod	PART
2302	nsubj	Nom_PRON
2303	obl	Loc_NOUN
2304	nsubj	Nom_NOUN
2305	obj	Nom_NUM
2306	obl	Loc_NOUN
2307	obl	Loc_NOUN
2308	obl	Gen_PROPN
2309	cc	CCONJ
2310	xcomp	VERB
2311	advmod	PART
2312	mark	SCONJ
2313	advmod	ADV
2314	nsubj	Nom_PROPN
2315	obj	Nom_NOUN
2316	obl	Gen_NOUN
2317	advcl	VERB
2318	obl	Loc_PRON
2319	parataxis	VERB
2320	obl	Acc_NOUN
2321	obl	Acc_NOUN
2322	nsubj	Nom_PROPN
2323	advmod	ADV
2324	obj	Acc_NOUN
2325	nsubj	Nom_PROPN
2326	obl	Acc_NOUN
2327	conj	VERB
2328	cc	CCONJ
2329	obj	Acc_NOUN
2330	parataxis	VERB
2331	nsubj	Nom_NOUN
2332	nsubj	Nom_NOUN
2333	cc	CCONJ
2334	obl	Ins_NOUN
2335	nsubj	Nom_PROPN
2336	obl	Loc_NOUN
2337	conj	VERB
2338	advcl	VERB
2339	obl	Dat_NOUN
2340	nsubj	Nom_PROPN
2341	nsubj	Nom_NOUN
2342	nsubj	Nom_PRON
2343	iobj	Dat_PRON
2344	nsubj	Nom_PROPN
2345	nsubj	Nom_PRON
2346	obl	Gen_NOUN
2347	advmod	ADV
2348	nsubj	Nom_PROPN
2349	conj	VERB
2350	cc	CCONJ
2351	advmod	ADV
2352	nsubj	Nom_PRON
2353	advmod	ADV
2354	nsubj	Nom_PRON
2355	ccomp	VERB
2356	mark	SCONJ
2357	nsubj	Nom_PRON
2358	obl	Ins_NOUN
2359	amod	Gen_ADJ
2360	nsubj	Nom_PROPN
2361	obj	Acc_NOUN
2362	obl	Dat_PRON
2363	advmod	ADV
2364	nsubj	Nom_PRON
2365	obj	Acc_NOUN
2366	nsubj	Nom_PRON
2367	nsubj	Nom_PRON
2368	conj	Nom_PROPN
2369	mark	SCONJ
2370	nsubj	Nom_PRON
2371	advmod	PART
2372	iobj	Dat_PROPN
2373	cc	CCONJ
2374	obj	Acc_NOUN
2375	obl	Dat_PRON
2376	obj	Acc_NOUN
2377	nsubj	ADV
2378	obj	Acc_NOUN
2379	conj	VERB
2380	cc	CCONJ
2381	obl	Loc_NOUN
2382	advcl	VERB
2383	advmod	ADV
2384	obj	Acc_PRON
2385	obl	Ins_NOUN
2386	obl	Acc_NOUN
2387	acl	Acc_VERB
2388	nsubj	Nom_PROPN
2389	conj	VERB
2390	conj	VERB
2391	obl	Acc_NOUN
2392	conj	VERB
2393	obl	Loc_NOUN
2394	obl	Loc_NOUN
2395	obl	Gen_PRON
2396	obj	Acc_NOUN
2397	advcl	VERB
2398	obl	Loc_NOUN
2399	nsubj	Nom_NOUN
2400	nsubj	Nom_PRON
2401	advmod	ADV
2402	advmod	PART
2403	advcl	VERB
2404	mark	SCONJ
2405	nsubj	Nom_PRON
2406	conj	VERB
2407	advmod	ADV
2408	nsubj	Nom_NOUN
2409	obl	Acc_NOUN
2410	nsubj	Nom_NOUN
2411	xcomp	VERB
2412	advmod	PART
2413	obl	Nom_PRON
2414	mark	SCONJ
2415	obl	Loc_NOUN
2416	cc:preconj	CCONJ
2417	iobj	Ins_NOUN
2418	nsubj	Gen_PROPN
2419	cc	CCONJ
2420	xcomp	VERB
2421	mark	SCONJ
2422	nsubj	Nom_NOUN
2423	iobj	Ins_NOUN
2424	nsubj	Nom_PROPN
2425	advmod	ADV
2426	obl	Dat_NOUN
2427	iobj	Dat_PRON
2428	nsubj	Nom_NOUN
2429	obl	Acc_NOUN
2430	advcl	VERB
2431	nsubj	Nom_PRON
2432	advmod	ADV
2433	conj	VERB
2434	obj	Acc_NOUN
2435	conj	VERB
2436	cc	CCONJ
2437	obl	Acc_NOUN
2438	advcl	VERB
2439	cc:preconj	CCONJ
2440	advmod	ADV
2441	nsubj	Nom_NOUN
2442	obj	Acc_NOUN
2443	nsubj	Nom_NOUN
2444	obj	Acc_PRON
2445	xcomp	VERB
2446	obj	Acc_NOUN
2447	nsubj	Nom_NOUN
2448	obl	Nom_NOUN
2449	conj	VERB
2450	cc	CCONJ
2451	advcl	VERB
2452	advmod	ADV
2453	ccomp	VERB
2454	mark	SCONJ
2455	obl	Loc_NOUN
2456	nsubj	Nom_NOUN
2457	obl	Loc_NOUN
2458	obl	Gen_NOUN
2459	conj	VERB
2460	cc	CCONJ
2461	obl	Gen_NOUN
2462	obj	Acc_PRON
2463	iobj	Ins_NOUN
2464	advcl	VERB
2465	mark	SCONJ
2466	nsubj	Nom_NOUN
2467	nsubj	Nom_NOUN
2468	obl	Acc_NOUN
2469	obl	Ins_NOUN
2470	conj	VERB
2471	cc	CCONJ
2472	advmod	ADV
2473	conj	VERB
2474	nsubj	Nom_NOUN
2475	parataxis	VERB
2476	nsubj	ADV
2477	advmod	ADV
2478	obj	Acc_NOUN
2479	conj	VERB
2480	cc	CCONJ
2481	iobj	Ins_PROPN
2482	iobj	Dat_NOUN
2483	nsubj	Nom_PRON
2484	obl	Loc_PRON
2485	discourse	PART
2486	nsubj	Nom_PROPN
2487	obl	Gen_PRON
2488	conj	VERB
2489	amod	Nom_ADJ
2490	mark	SCONJ
2491	nsubj	Nom_NOUN
2492	nsubj	Nom_NOUN
2493	obl	Acc_NOUN
2494	obl	Nom_NOUN
2495	obl	Nom_NOUN
2496	nsubj	Nom_NOUN
2497	obl	Acc_NOUN
2498	acl:relcl	Nom_VERB
2499	nsubj	Nom_NOUN
2500	advmod	PART
2501	conj	Gen_NOUN
2502	nsubj	Nom_NOUN
2503	conj	VERB
2504	cc	CCONJ
2505	obj	Acc_NOUN
2506	nsubj	Nom_PROPN
2507	obl	Loc_NOUN
2508	iobj	Ins_NOUN
2509	nsubj	Nom_PRON
2510	conj	VERB
2511	cc	CCONJ
2512	iobj	Ins_NOUN
2513	obl	Loc_NOUN
2514	obl	Acc_NOUN
2515	obl	Loc_NOUN
2516	obl	Gen_NOUN
2517	obl	Dat_NOUN
2518	obl	Loc_NOUN
2519	obj	Acc_NOUN
2520	parataxis	VERB
2521	nsubj	Nom_NOUN
2522	advmod	Ins_NOUN
2523	ccomp	VERB
2524	cc	CCONJ
2525	obl	Loc_NOUN
2526	nsubj	Nom_PROPN
2527	conj	Nom_PROPN
2528	conj	Nom_NOUN
2529	nsubj	Acc_PRON
2530	advmod	ADV
2531	advmod	PART
2532	nsubj	Nom_PROPN
2533	nsubj	Gen_PRON
2534	conj	VERB
2535	advmod	ADV
2536	nsubj	Nom_NOUN
2537	iobj	Nom_PRON
2538	nsubj	Nom_NOUN
2539	advmod	PART
2540	cc	CCONJ
2541	nsubj	Nom_PRON
2542	iobj	Ins_NOUN
2543	obl	Acc_NOUN
2544	advcl	VERB
2545	nsubj	Nom_PROPN
2546	iobj	Ins_NOUN
2547	xcomp	VERB
2548	obl	Gen_NOUN
2549	nsubj	Nom_PRON
2550	advmod	ADV
2551	advmod	ADV
2552	iobj	Ins_NOUN
2553	parataxis	VERB
2554	case	ADP
2555	nsubj	Nom_PROPN
2556	iobj	Ins_NOUN
2557	nsubj	Nom_PRON
2558	iobj	Dat_NOUN
2559	conj	VERB
2560	obl	Gen_NOUN
2561	conj	Acc_NOUN
2562	ccomp	VERB
2563	mark	SCONJ
2564	obl	Loc_NOUN
2565	nsubj	Nom_NOUN
2566	obl	Acc_NOUN
2567	obj	Acc_NOUN
2568	obl	Acc_NOUN
2569	nsubj	Nom_PROPN
2570	obj	Acc_NOUN
2571	conj	VERB
2572	obj	Acc_PRON
2573	obl	Loc_NOUN
2574	obl	Ins_NOUN
2575	conj	VERB
2576	obj	Acc_PRON
2577	iobj	Ins_NOUN
2578	conj	VERB
2579	iobj	Ins_NOUN
2580	cc	CCONJ
2581	obl	Loc_NOUN
2582	obj	Acc_NOUN
2583	obl	Loc_NOUN
2584	advcl	VERB
2585	cc	CCONJ
2586	nsubj	Nom_NOUN
2587	parataxis	VERB
2588	nsubj	Nom_NOUN
2589	nsubj	Nom_NOUN
2590	iobj	Ins_PROPN
2591	nsubj	Nom_NOUN
2592	obl	Ins_NOUN
2593	nsubj	Nom_NOUN
2594	advmod	ADV
2595	parataxis	VERB
2596	obl	Loc_NOUN
2597	nsubj	Nom_NOUN
2598	nsubj	Nom_PROPN
2599	obl	Acc_NOUN
2600	conj	VERB
2601	obl	Gen_NOUN
2602	cc	CCONJ
2603	advcl	VERB
2604	nsubj	Nom_NOUN
2605	nsubj	Nom_PROPN
2606	nsubj	Nom_NOUN
2607	cc	CCONJ
2608	nsubj	Nom_NOUN
2609	obl	Gen_PRON
2610	mark	SCONJ
2611	nsubj	Nom_NOUN
2612	parataxis	VERB
2613	obl	Loc_NOUN
2614	nsubj	Nom_NOUN
2615	nsubj	Nom_NOUN
2616	obl	Nom_PRON
2617	advmod	ADV
2618	obj	Acc_PRON
2619	cc:preconj	CCONJ
2620	cc	CCONJ
2621	advmod	ADV
2622	nsubj	Nom_NOUN
2623	nsubj	Nom_PROPN
2624	nsubj	Nom_NOUN
2625	obl	Ins_NOUN
2626	conj	VERB
2627	nsubj	Nom_NOUN
2628	obl	Loc_NOUN
2629	nsubj	Nom_NOUN
2630	obl	Acc_NOUN
2631	nsubj	Nom_PROPN
2632	obl	Loc_NOUN
2633	conj	VERB
2634	obl	Loc_NOUN
2635	cc	CCONJ
2636	advcl	VERB
2637	obl	Acc_NOUN
2638	obl	Ins_NOUN
2639	obl	Loc_NOUN
2640	nsubj	Nom_NOUN
2641	cc	CCONJ
2642	nsubj	Nom_NOUN
2643	obl	Loc_NOUN
2644	nsubj	Nom_PROPN
2645	nsubj	Nom_NOUN
2646	iobj	Ins_NOUN
2647	cc	CCONJ
2648	advmod	PART
2649	obj	Acc_NOUN
2650	obl	Dat_NOUN
2651	advmod	ADV
2652	obj	Acc_NOUN
2653	advcl	VERB
2654	nsubj	Nom_NOUN
2655	obl	Acc_NOUN
2656	obl	Gen_NOUN
2657	advmod	ADV
2658	obl	Gen_PRON
2659	obl	Dat_NOUN
2660	conj	VERB
2661	advmod	ADV
2662	obl	Dat_NOUN
2663	obl	Gen_NOUN
2664	obl	Nom_NUM
2665	cop	AUX
2666	nsubj	Nom_ADJ
2667	advcl	VERB
2668	nsubj	Nom_NOUN
2669	advmod	Nom_NOUN
2670	cc:preconj	CCONJ
2671	advmod	ADV
2672	advmod	ADV
2673	obj	Acc_NOUN
2674	nsubj	Nom_PROPN
2675	obl	Acc_NOUN
2676	nsubj	Nom_NOUN
2677	conj	VERB
2678	cc	CCONJ
2679	advmod	ADV
2680	xcomp	VERB
2681	xcomp	VERB
2682	cc:preconj	CCONJ
2683	obl	Acc_NOUN
2684	nsubj	Nom_PROPN
2685	obj	Acc_NOUN
2686	obl	Gen_PRON
2687	nsubj	Nom_PRON
2688	advmod	ADV
2689	conj	VERB
2690	conj	Nom_NOUN
2691	nsubj	Nom_NOUN
2692	obl	Gen_NOUN
2693	nsubj	Nom_PRON
2694	advmod	ADV
2695	obl	Acc_ADJ
2696	cc	CCONJ
2697	advmod	PART
2698	advmod	ADV
2699	obl	Acc_NOUN
2700	mark	SCONJ
2701	nsubj	Nom_PROPN
2702	obj	Acc_PRON
2703	xcomp	VERB
2704	obj	Acc_NOUN
2705	advmod	ADV
2706	mark	SCONJ
2707	obl	Nom_ADJ
2708	advmod	PART
2709	conj	VERB
2710	cc	CCONJ
2711	nsubj	Nom_NOUN
2712	obl	Loc_NOUN
2713	advcl	VERB
2714	nsubj	Nom_NOUN
2715	obj	Acc_NOUN
2716	mark	SCONJ
2717	nsubj	Nom_NOUN
2718	nsubj	Nom_PRON
2719	advmod	ADV
2720	obl	Loc_NOUN
2721	nsubj	Nom_NOUN
2722	advcl	VERB
2723	nsubj	Nom_NOUN
2724	obl	Loc_NOUN
2725	conj	VERB
2726	advmod	ADV
2727	cc	CCONJ
2728	advmod	ADV
2729	obj	Acc_NOUN
2730	nsubj	Nom_PROPN
2731	obj	Acc_NOUN
2732	conj	VERB
2733	conj	VERB
2734	cc	CCONJ
2735	advmod	ADV
2736	advmod	ADV
2737	obj	Acc_NOUN
2738	nsubj	Nom_PRON
2739	conj	VERB
2740	conj	VERB
2741	cc	CCONJ
2742	obl	Loc_PROPN
2743	xcomp	VERB
2744	obl	Acc_NOUN
2745	iobj	Ins_NOUN
2746	conj	VERB
2747	nsubj	Nom_PROPN
2748	obl	Gen_NOUN
2749	acl:relcl	VERB
2750	nsubj	Nom_NOUN
2751	ccomp	Nom_ADJ
2752	nsubj	Nom_PROPN
2753	advmod	ADV
2754	obj	Acc_NOUN
2755	obl	Gen_NOUN
2756	cc:preconj	CCONJ
2757	discourse	PART
2758	nsubj	Nom_PRON
2759	nsubj	Nom_PRON
2760	ccomp	VERB
2761	mark	SCONJ
2762	nsubj	Nom_NOUN
2763	obj	Acc_NOUN
2764	nsubj	Nom_PROPN
2765	obl	Ins_PRON
2766	obj	Acc_NOUN
2767	conj	VERB
2768	cc	CCONJ
2769	advcl	VERB
2770	obl	Ins_PRON
2771	obl	Acc_NOUN
2772	obl	Acc_ADJ
2773	nsubj	Nom_PROPN
2774	obj	Acc_NOUN
2775	acl	Gen_VERB
2776	obl	Dat_NOUN
2777	acl	Gen_VERB
2778	cc	CCONJ
2779	advmod	ADV
2780	advmod	PART
2781	mark	SCONJ
2782	parataxis	VERB
2783	nsubj	Nom_PRON
2784	nsubj	Nom_PROPN
2785	advcl	VERB
2786	nsubj	Nom_PRON
2787	nsubj	Nom_DET
2788	conj	VERB
2789	advmod	ADV
2790	obj	Acc_NOUN
2791	conj	VERB
2792	cc	CCONJ
2793	obl	Acc_NOUN
2794	acl	VERB
2795	advmod	ADV
2796	nsubj	Nom_PROPN
2797	nsubj	Nom_PROPN
2798	obl	Acc_NOUN
2799	conj	VERB
2800	cc	CCONJ
2801	xcomp	VERB
2802	obj	Acc_NOUN
2803	nsubj	Nom_PROPN
2804	advmod	PART
2805	iobj	Dat_PRON
2806	advmod	PART
2807	conj	VERB
2808	nsubj	Nom_NOUN
2809	advmod	ADV
2810	conj	VERB
2811	cc	CCONJ
2812	aux:pass	AUX
2813	obl	Dat_NOUN
2814	conj	VERB
2815	cc	CCONJ
2816	nsubj	Nom_NOUN
2817	obl	Loc_ADJ
2818	nsubj	Nom_NOUN
2819	advmod	ADV
2820	obl	Loc_NOUN
2821	acl	VERB
2822	obl	Acc_PROPN
2823	conj	VERB
2824	cc	CCONJ
2825	xcomp	VERB
2826	acl	Gen_VERB
2827	conj	VERB
2828	nsubj	Nom_NOUN
2829	cc	CCONJ
2830	advmod	ADV
2831	obj	Acc_NOUN
2832	nsubj	Nom_NOUN
2833	cc:preconj	CCONJ
2834	nsubj	Nom_PROPN
2835	conj	VERB
2836	cc	CCONJ
2837	obl	Gen_VERB
2838	nsubj	Nom_PROPN
2839	advcl	VERB
2840	cc:preconj	CCONJ
2841	obl	Gen_NOUN
2842	nsubj	Nom_PRON
2843	obl	Loc_ADJ
2844	obl	Loc_NOUN
2845	obl	Loc_NOUN
2846	obl	Ins_NOUN
2847	parataxis	VERB
2848	nsubj	Nom_PRON
2849	nsubj	Gen_NOUN
2850	xcomp	VERB
2851	nsubj	Nom_PRON
2852	obj	Gen_NOUN
2853	advmod	PART
2854	cc:preconj	CCONJ
2855	advmod	ADV
2856	nsubj	Acc_NOUN
2857	obj	Acc_NOUN
2858	conj	Nom_NOUN
2859	conj	Nom_NOUN
2860	conj	Nom_NOUN
2861	nsubj	Nom_NOUN
2862	mark	SCONJ
2863	advcl	VERB
2864	nsubj	Nom_NOUN
2865	advcl	VERB
2866	nsubj	Nom_NOUN
2867	obj	Gen_NOUN
2868	acl	Ins_NOUN
2869	nsubj	Nom_PRON
2870	acl:relcl	VERB
2871	obl	Acc_NOUN
2872	xcomp	VERB
2873	advmod	ADV
2874	obl	Acc_NOUN
2875	obl	Dat_NOUN
2876	cc	CCONJ
2877	advmod	ADV
2878	obj	Acc_NOUN
2879	advmod	ADV
2880	nsubj	Nom_NOUN
2881	conj	VERB
2882	cc	CCONJ
2883	advmod	ADV
2884	acl:relcl	VERB
2885	obl	Loc_PRON
2886	cop	AUX
2887	iobj	Ins_NOUN
2888	mark	SCONJ
2889	obl	Loc_NOUN
2890	nsubj	Gen_NOUN
2891	cc:preconj	CCONJ
2892	obl	Acc_NOUN
2893	advmod	ADV
2894	nsubj	Nom_PROPN
2895	advcl	VERB
2896	cc	CCONJ
2897	advmod	ADV
2898	obl	Acc_NOUN
2899	cc	CCONJ
2900	obj	Acc_PROPN
2901	obj	Acc_PRON
2902	obl	Acc_ADJ
2903	nsubj	Nom_NOUN
2904	obl	Gen_NOUN
2905	obl	Ins_NOUN
2906	mark	SCONJ
2907	nsubj	Nom_PRON
2908	iobj	Dat_PRON
2909	parataxis	VERB
2910	parataxis	VERB
2911	nsubj	Nom_PRON
2912	advmod	ADV
2913	nsubj	Nom_PROPN
2914	conj	VERB
2915	obj	Acc_NOUN
2916	advmod	PART
2917	cc	CCONJ
2918	nsubj	Nom_PRON
2919	iobj	Ins_NOUN
2920	obl	Dat_NOUN
2921	conj	Nom_VERB
2922	obl	Loc_PRON
2923	advmod	ADV
2924	obj	Acc_NOUN
2925	nsubj	Nom_NOUN
2926	obl	Ins_NOUN
2927	obl	Gen_PRON
2928	nsubj	Nom_NOUN
2929	obl	Loc_NOUN
2930	nsubj	Loc_NOUN
2931	obj	Acc_NOUN
2932	cc	CCONJ
2933	obl	Acc_NOUN
2934	obl	Acc_NOUN
2935	nsubj	Nom_NOUN
2936	obl	Ins_NOUN
2937	acl	Ins_VERB
2938	aux:pass	AUX
2939	nsubj	Nom_NOUN
2940	obl	Loc_NOUN
2941	conj	Nom_ADJ
2942	cc	CCONJ
2943	advmod	ADV
2944	nsubj	Nom_ADJ
2945	obl	Loc_NOUN
2946	nsubj	Nom_PROPN
2947	advmod	ADV
2948	obj	Gen_PRON
2949	nmod	Acc_NOUN
2950	advmod	ADV
2951	nsubj	Nom_PRON
2952	obl	Acc_NOUN
2953	obl	Gen_NOUN
2954	nsubj	Nom_PROPN
2955	obl	Acc_PRON
2956	obj	Acc_NOUN
2957	conj	VERB
2958	obl	Acc_NOUN
2959	nsubj	Nom_PROPN
2960	advmod	ADV
2961	nsubj	Nom_PROPN
2962	nsubj	Nom_PROPN
2963	advmod	ADV
2964	obj	Gen_NOUN
2965	nsubj	Nom_PRON
2966	obl	Dat_NOUN
2967	conj	VERB
2968	cc	CCONJ
2969	advmod	ADV
2970	obj	Acc_NOUN
2971	obj	Acc_PRON
2972	nsubj	Nom_NOUN
2973	obl	Acc_PRON
2974	discourse	PART
2975	nsubj	Nom_PRON
2976	ccomp	Loc_NOUN
2977	nsubj	Nom_NOUN
2978	conj	VERB
2979	nsubj	Nom_NOUN
2980	obj	Acc_NOUN
2981	nsubj	Nom_PROPN
2982	obl	Ins_PRON
2983	conj	VERB
2984	cc	CCONJ
2985	obj	Acc_NOUN
2986	obl	Acc_PRON
2987	nsubj	Gen_PRON
2988	conj	VERB
2989	nsubj	Nom_NOUN
2990	cc	CCONJ
2991	obl	Gen_PRON
2992	nsubj	Nom_NOUN
2993	advmod	ADV
2994	nsubj	Nom_PROPN
2995	advmod	ADV
2996	cc	CCONJ
2997	advmod	ADV
2998	obl	Loc_NOUN
2999	nsubj	Nom_PROPN
3000	advcl	VERB
3001	obj	Acc_NOUN
3002	conj	VERB
3003	cc	CCONJ
3004	advmod	ADV
3005	obj	Acc_NOUN
3006	obl	Acc_NOUN
3007	nsubj	Nom_PROPN
3008	obl	Loc_NOUN
3009	obl	Gen_PRON
3010	conj	VERB
3011	advmod	PART
3012	conj	VERB
3013	cc	CCONJ
3014	nsubj	Nom_PRON
3015	xcomp	VERB
3016	nsubj	Nom_PROPN
3017	obl	Ins_PRON
3018	conj	VERB
3019	cc	CCONJ
3020	advmod	ADV
3021	obj	Acc_NOUN
3022	amod	Gen_ADJ
3023	advmod	ADV
3024	nsubj	Nom_NOUN
3025	conj	VERB
3026	cc	CCONJ
3027	advmod	Acc_NOUN
3028	nsubj	Nom_NOUN
3029	xcomp	VERB
3030	nsubj	Nom_PROPN
3031	obl	Loc_NOUN
3032	obl	Acc_PRON
3033	cc:preconj	CCONJ
3034	advmod	ADV
3035	advmod	Acc_NOUN
3036	obl	VERB
3037	advmod	ADV
3038	case	ADP
3039	amod	Acc_ADJ
3040	obj	Acc_NOUN
3041	cc	CCONJ
3042	nsubj	Nom_NOUN
3043	obj	Gen_NOUN
3044	conj	VERB
3045	cc	CCONJ
3046	obl	Acc_NOUN
3047	advmod	Ins_NOUN
3048	obj	Gen_NOUN
3049	cc	CCONJ
3050	obl	Loc_NOUN
3051	nsubj	Nom_NOUN
3052	conj	VERB
3053	advmod	Ins_NOUN
3054	nsubj	Nom_NOUN
3055	advmod	ADV
3056	nsubj	Nom_NOUN
3057	iobj	Dat_NOUN
3058	conj	Nom_VERB
3059	obl	Loc_NOUN
3060	advcl	VERB
3061	nsubj	Nom_NOUN
3062	conj	VERB
3063	cc	CCONJ
3064	nsubj	Nom_NOUN
3065	advmod	ADV
3066	obl	Acc_NOUN
3067	nsubj	Nom_NOUN
3068	nsubj	Nom_NOUN
3069	obl	Acc_NOUN
3070	conj	VERB
3071	obj	Acc_NOUN
3072	nsubj	Nom_PROPN
3073	advcl	VERB
3074	obj	Ins_NOUN
3075	obl	Ins_NOUN
3076	conj	VERB
3077	cc	CCONJ
3078	advmod	ADV
3079	mark	SCONJ
3080	advmod	ADV
3081	obl	Gen_PRON
3082	xcomp	VERB
3083	obl	Gen_PRON
3084	nsubj	Nom_PRON
3085	conj	VERB
3086	advcl	VERB
3087	obl	Acc_NOUN
3088	obl	Acc_NOUN
3089	conj	VERB
3090	cc	CCONJ
3091	cc	CCONJ
3092	advmod	ADV
3093	nsubj	Nom_PROPN
3094	nsubj	Nom_PRON
3095	obl	Acc_NOUN
3096	nsubj	Nom_PRON
3097	obl	Acc_NOUN
3098	nsubj	Nom_PRON
3099	obl	Gen_NOUN
3100	advmod	ADV
3101	nsubj	Nom_NOUN
3102	nsubj	Nom_PROPN
3103	obj	Acc_NOUN
3104	conj	VERB
3105	cc	CCONJ
3106	advmod	Ins_NOUN
3107	nsubj	Nom_PRON
3108	obj	Acc_NOUN
3109	conj	VERB
3110	cc	CCONJ
3111	xcomp	VERB
3112	advmod	ADV
3113	obl	Ins_NOUN
3114	acl:relcl	VERB
3115	nsubj	Nom_ADJ
3116	advmod	ADV
3117	obj	Acc_NOUN
3118	nsubj	Nom_NOUN
3119	obj	Acc_NOUN
3120	obl	Ins_NOUN
3121	conj	VERB
3122	cc	CCONJ
3123	nsubj	Nom_PROPN
3124	xcomp	VERB
3125	nsubj	Nom_NOUN
3126	iobj	Ins_NOUN
3127	nsubj	Nom_PRON
3128	nsubj	Nom_NOUN
3129	nsubj	Nom_PROPN
3130	advmod	ADV
3131	iobj	Ins_NOUN
3132	nsubj	Nom_PRON
3133	obj	Acc_NOUN
3134	conj	VERB
3135	cc	CCONJ
3136	advmod	ADV
3137	obl	Loc_NOUN
3138	iobj	Ins_PRON
3139	nsubj	Nom_NOUN
3140	advmod	ADV
3141	obj	Acc_NOUN
3142	nsubj	Nom_PRON
3143	conj	VERB
3144	conj	VERB
3145	obl	Acc_NOUN
3146	obj	Acc_NOUN
3147	cc	CCONJ
3148	nsubj	Nom_PROPN
3149	obj	Nom_NOUN
3150	conj	VERB
3151	cc	CCONJ
3152	obj	Acc_NOUN
3153	advmod	ADV
3154	nsubj	Nom_PRON
3155	obl	Nom_NOUN
3156	nsubj	Nom_PROPN
3157	nsubj	Nom_PROPN
3158	advmod	ADV
3159	nsubj	Nom_NOUN
3160	parataxis	VERB
3161	nsubj	Nom_NOUN
3162	obj	Acc_NOUN
3163	conj	VERB
3164	cc	CCONJ
3165	advcl	VERB
3166	nsubj	Nom_PRON
3167	advmod	ADV
3168	cc	CCONJ
3169	advmod	ADV
3170	obl	Dat_NOUN
3171	iobj	Dat_PROPN
3172	nsubj	Nom_PROPN
3173	advmod	ADV
3174	conj	VERB
3175	cc	CCONJ
3176	obl	Acc_PRON
3177	obj	Acc_NOUN
3178	obl	Acc_NOUN
3179	nsubj	Nom_PROPN
3180	advmod	ADV
3181	conj	Ins_NOUN
3182	obl	Ins_NOUN
3183	obj	Gen_NOUN
3184	conj	VERB
3185	cc	CCONJ
3186	nsubj	Nom_PRON
3187	obl	Dat_NOUN
3188	nsubj	Nom_PROPN
3189	obj	Acc_NOUN
3190	nsubj	Nom_PROPN
3191	obj	Acc_NOUN
3192	conj	VERB
3193	cc	CCONJ
3194	obj	Acc_NOUN
3195	advmod	ADV
3196	xcomp	VERB
3197	nsubj	Nom_PROPN
3198	iobj	Ins_NOUN
3199	obl	Loc_NOUN
3200	nsubj	Nom_NOUN
3201	nsubj	Nom_NOUN
3202	obl	Loc_NOUN
3203	obl	Gen_PRON
3204	obl	Gen_NOUN
3205	nsubj	Nom_PROPN
3206	obl	Acc_NOUN
3207	conj	VERB
3208	cc	CCONJ
3209	obl	Gen_NOUN
3210	obj	Acc_NOUN
3211	nsubj	Nom_PROPN
3212	obl	Dat_NOUN
3213	obl	Gen_PRON
3214	nsubj	Nom_NOUN
3215	obl	Loc_NOUN
3216	obl	Gen_NOUN
3217	conj	VERB
3218	nsubj	Nom_NOUN
3219	advmod	ADV
3220	nsubj	Nom_NOUN
3221	obl	Loc_NOUN
3222	parataxis	VERB
3223	nsubj	Nom_NOUN
3224	obl	Acc_NOUN
3225	nsubj	Nom_NOUN
3226	obl	Gen_NOUN
3227	conj	VERB
3228	obl	Acc_PRON
3229	obj	Ins_NOUN
3230	conj	VERB
3231	cc	CCONJ
3232	advmod	ADV
3233	obl	Acc_NOUN
3234	nsubj	Gen_NOUN
3235	parataxis	VERB
3236	obl	Acc_NOUN
3237	nsubj	Nom_PROPN
3238	parataxis	VERB
3239	obl	Acc_NOUN
3240	advmod	ADV
3241	nsubj	Nom_NUM
3242	advcl	Nom_NOUN
3243	nsubj	Nom_PROPN
3244	nsubj	Nom_PROPN
3245	nsubj	Nom_PROPN
3246	iobj	Dat_PRON
3247	obl	Acc_NOUN
3248	iobj	Ins_PRON
3249	conj	Ins_ADJ
3250	nsubj	Nom_PRON
3251	obj	Acc_NOUN
3252	parataxis	VERB
3253	obl	Acc_NOUN
3254	nsubj	Nom_NOUN
3255	nsubj	Nom_PROPN
3256	obl	Ins_NOUN
3257	obl	Acc_NOUN
3258	parataxis	VERB
3259	nsubj	Nom_NOUN
3260	nsubj	Nom_PROPN
3261	nsubj	Nom_PROPN
3262	iobj	Dat_PRON
3263	obj	Gen_NOUN
3264	advcl	VERB
3265	nsubj	Nom_PROPN
3266	xcomp	VERB
3267	conj	VERB
3268	advcl	VERB
3269	mark	SCONJ
3270	mark	SCONJ
3271	nsubj	Nom_PRON
3272	iobj	Ins_NOUN
3273	nsubj	Nom_PRON
3274	obl	Gen_NOUN
3275	obj	Ins_NOUN
3276	xcomp	VERB
3277	advcl	VERB
3278	advmod	ADV
3279	nsubj	Nom_NOUN
3280	nsubj	Nom_PROPN
3281	advmod	ADV
3282	conj	VERB
3283	cc	CCONJ
3284	nsubj	Nom_NOUN
3285	obl	Acc_NOUN
3286	advmod	ADV
3287	obj	Acc_NOUN
3288	nsubj	Nom_PROPN
3289	iobj	Ins_NOUN
3290	obl	Gen_NOUN
3291	conj	VERB
3292	cc	CCONJ
3293	det	DET
3294	advmod	Acc_NOUN
3295	nsubj	Nom_NOUN
3296	conj	VERB
3297	advmod	ADV
3298	advmod	PART
3299	obl	Gen_NOUN
3300	iobj	Dat_NOUN
3301	conj	VERB
3302	cc	CCONJ
3303	obj	Acc_NOUN
3304	nsubj	Nom_NOUN
3305	xcomp	VERB
3306	conj	VERB
3307	cc	CCONJ
3308	nsubj	Nom_NOUN
3309	iobj	Ins_NOUN
3310	conj	VERB
3311	cc	CCONJ
3312	advmod	ADV
3313	obj	Acc_PRON
3314	advmod	Ins_ADJ
3315	nsubj	Gen_PROPN
3316	obl	Acc_NOUN
3317	obl	Dat_NOUN
3318	nsubj	Nom_NOUN
3319	obl	Gen_NOUN
3320	advcl	VERB
3321	mark	SCONJ
3322	obl	Gen_NOUN
3323	nsubj	Nom_PRON
3324	obj	Acc_NOUN
3325	conj	VERB
3326	cc	CCONJ
3327	xcomp	VERB
3328	cc:preconj	CCONJ
3329	obl	Acc_NOUN
3330	nsubj	Nom_PROPN
3331	xcomp	VERB
3332	parataxis	VERB
3333	iobj	Ins_NOUN
3334	obj	Acc_NOUN
3335	conj	ADP
3336	nsubj	Nom_PROPN
3337	advmod	ADV
3338	nsubj	Nom_PROPN
3339	obl	Acc_PRON
3340	ccomp	VERB
3341	mark	SCONJ
3342	conj	VERB
3343	cc	CCONJ
3344	advmod	ADV
3345	advmod	ADV
3346	nsubj	Nom_NOUN
3347	obj	Acc_NOUN
3348	acl:relcl	VERB
3349	obl	Acc_PRON
3350	obl	Gen_NOUN
3351	conj	VERB
3352	cc	CCONJ
3353	advmod	ADV
3354	nsubj	Nom_PROPN
3355	obl	Dat_PROPN
3356	parataxis	VERB
3357	nsubj	Nom_PROPN
3358	iobj	Ins_NOUN
3359	obj	Acc_NOUN
3360	obl	Acc_NOUN
3361	nsubj	Nom_PRON
3362	parataxis	VERB
3363	nsubj	Nom_NOUN
3364	cc	CCONJ
3365	nsubj	Nom_PROPN
3366	advmod	ADV
3367	obj	Acc_NOUN
3368	obl	Ins_NOUN
3369	conj	VERB
3370	cc	CCONJ
3371	obj	Acc_PRON
3372	obl	Nom_NOUN
3373	obl	Loc_NOUN
3374	advmod	ADV
3375	nsubj	Nom_PRON
3376	advmod	ADV
3377	obj	Acc_NOUN
3378	parataxis	VERB
3379	nsubj	VERB
3380	obl	Acc_PRON
3381	nsubj	Nom_PROPN
3382	obl	Gen_PRON
3383	obl	Loc_PRON
3384	obl	Gen_NOUN
3385	nsubj	Nom_NOUN
3386	advmod	ADV
3387	obj	Acc_NOUN
3388	obl	Acc_NOUN
3389	nsubj	Nom_PROPN
3390	advmod	ADV
3391	nsubj	Nom_PRON
3392	xcomp	VERB
3393	nsubj	Nom_NOUN
3394	advmod	PART
3395	parataxis	VERB
3396	nsubj	Nom_PROPN
3397	nsubj	Nom_PROPN
3398	iobj	Dat_PRON
3399	obj	Acc_NOUN
3400	obl	Loc_PRON
3401	obl	Loc_NOUN
3402	obl	Loc_NOUN
3403	obj	Acc_NOUN
3404	advmod	PART
3405	obj	Acc_NOUN
3406	obl	Loc_PROPN
3407	advmod	ADV
3408	nsubj	Nom_PROPN
3409	nsubj	Nom_PRON
3410	obj	Acc_NOUN
3411	conj	Ins_NOUN
3412	nsubj	Nom_PROPN
3413	nsubj	Nom_NOUN
3414	nsubj	Nom_PRON
3415	obl	Acc_NOUN
3416	conj	VERB
3417	cc	CCONJ
3418	nsubj	Nom_ADJ
3419	obl	Acc_NOUN
3420	advmod	ADV
3421	acl	Ins_VERB
3422	conj	VERB
3423	iobj	Ins_NOUN
3424	xcomp	VERB
3425	obl	Gen_PRON
3426	nsubj	Nom_PRON
3427	obl	Acc_NOUN
3428	parataxis	VERB
3429	nsubj	Nom_NOUN
3430	advmod	ADV
3431	obl	Acc_NOUN
3432	conj	VERB
3433	cc	CCONJ
3434	parataxis	VERB
3435	advmod	ADV
3436	nsubj	Nom_NOUN
3437	nsubj	Nom_PROPN
3438	nsubj	Nom_NOUN
3439	iobj	Ins_NOUN
3440	conj	VERB
3441	obj	Acc_NOUN
3442	nmod	Dat_NOUN
3443	conj	VERB
3444	nsubj	Nom_NOUN
3445	cc	CCONJ
3446	nsubj	Nom_NOUN
3447	obl	Acc_NUM
3448	obj	Acc_NOUN
3449	advcl	VERB
3450	cc:preconj	CCONJ
3451	obl	Loc_NOUN
3452	obl	Loc_NOUN
3453	discourse	PART
3454	nsubj	Nom_PROPN
3455	parataxis	VERB
3456	advmod	ADV
3457	obl	Nom_NOUN
3458	conj	VERB
3459	obj	Acc_NOUN
3460	advcl	VERB
3461	cc	CCONJ
3462	nmod	Gen_NOUN
3463	obl	Acc_NOUN
3464	conj	VERB
3465	cc	CCONJ
3466	advcl	VERB
3467	nsubj	Nom_NOUN
3468	obl	Loc_NOUN
3469	advcl	VERB
3470	nsubj	Nom_NOUN
3471	iobj	Ins_NOUN
3472	nsubj	Nom_PRON
3473	advmod	ADV
3474	parataxis	VERB
3475	obl	Acc_NOUN
3476	nsubj	Nom_NOUN
3477	conj	VERB
3478	obl	Acc_NOUN
3479	conj	VERB
3480	cc	CCONJ
3481	nsubj	Nom_PROPN
3482	nsubj	Nom_PRON
3483	advmod	ADV
3484	nsubj	Nom_PROPN
3485	nsubj	Nom_PROPN
3486	advmod	ADV
3487	conj	VERB
3488	cc	CCONJ
3489	advmod	ADV
3490	obl	Loc_PRON
3491	ccomp	VERB
3492	nsubj	Nom_PROPN
3493	advmod	ADV
3494	conj	VERB
3495	cc	CCONJ
3496	advmod	ADV
3497	conj	VERB
3498	cc	CCONJ
3499	iobj	Ins_NOUN
3500	nsubj	Nom_PROPN
3501	parataxis	VERB
3502	nsubj	Nom_PRON
3503	advcl	VERB
3504	ccomp	VERB
3505	obl	Acc_PRON
3506	nsubj	Gen_NOUN
3507	obl	VERB
3508	case	ADP
3509	advmod	Acc_NUM
3510	obj	Acc_PRON
3511	advmod	ADV
3512	nsubj	Nom_PRON
3513	parataxis	VERB
3514	nsubj	Nom_PROPN
3515	obl	Gen_NOUN
3516	nsubj	Acc_NUM
3517	advmod	ADV
3518	nsubj	Nom_PRON
3519	conj	VERB
3520	parataxis	VERB
3521	iobj	Dat_PRON
3522	ccomp	Acc_NOUN
3523	xcomp	VERB
3524	xcomp	VERB
3525	conj	Nom_ADJ
3526	cc	CCONJ
3527	nsubj	Nom_PROPN
3528	obl	Loc_NOUN
3529	nsubj	Nom_NOUN
3530	advmod	ADV
3531	conj	Nom_NOUN
3532	parataxis	VERB
3533	nsubj	Nom_NOUN
3534	obl	Loc_NOUN
3535	nsubj	Nom_PRON
3536	nsubj	Nom_PRON
3537	parataxis	VERB
3538	amod	Nom_ADJ
3539	nsubj	Nom_PROPN
3540	nsubj	Nom_PRON
3541	mark	SCONJ
3542	nsubj	Nom_PRON
3543	obj	Acc_NOUN
3544	conj	VERB
3545	conj	VERB
3546	cc	CCONJ
3547	iobj	Dat_PRON
3548	xcomp	VERB
3549	nsubj	Nom_PROPN
3550	amod	Nom_ADJ
3551	advcl	VERB
3552	nsubj	Nom_PROPN
3553	obl	Gen_PROPN
3554	obj	Acc_PROPN
3555	parataxis	VERB
3556	nsubj	Nom_PRON
3557	conj	VERB
3558	cc	CCONJ
3559	nsubj	Nom_ADJ
3560	amod	Nom_ADJ
3561	nsubj	Nom_NOUN
3562	mark	SCONJ
3563	nsubj	Nom_PROPN
3564	mark	SCONJ
3565	nsubj	Nom_PROPN
3566	parataxis	Nom_NUM
3567	nsubj	Nom_NOUN
3568	amod	Nom_ADJ
3569	advcl	VERB
3570	mark	SCONJ
3571	obj	Acc_NOUN
3572	obl	Loc_PROPN
3573	nmod	Loc_NOUN
3574	parataxis	VERB
3575	nsubj	Nom_NOUN
3576	discourse	ADV
3577	nsubj	Nom_PRON
3578	nsubj	Nom_PRON
3579	obj	Acc_NOUN
3580	nsubj	Nom_PRON
3581	iobj	Ins_NOUN
3582	conj	Acc_NOUN
3583	nsubj	Nom_PRON
3584	obj	Acc_NOUN
3585	conj	VERB
3586	conj	VERB
3587	cc	CCONJ
3588	ccomp	VERB
3589	nsubj	Nom_NOUN
3590	nsubj	Nom_PROPN
3591	conj	VERB
3592	cc	CCONJ
3593	nsubj	Nom_PROPN
3594	obj	Acc_NOUN
3595	nsubj	Nom_PROPN
3596	conj	Nom_NOUN
3597	nsubj	Nom_NOUN
3598	amod	Nom_ADJ
3599	nsubj	Nom_PRON
3600	nsubj	Nom_PRON
3601	amod	Nom_ADJ
3602	obl	Dat_NOUN
3603	parataxis	VERB
3604	nsubj	Nom_PRON
3605	discourse	PART
3606	parataxis	VERB
3607	nsubj	Nom_PRON
3608	nsubj	Nom_NOUN
3609	nsubj	Nom_PRON
3610	parataxis	VERB
3611	nsubj	Nom_NOUN
3612	obl	Dat_PRON
3613	advmod	ADV
3614	nsubj	Nom_PRON
3615	obj	Acc_PRON
3616	advmod	Ins_ADJ
3617	advmod	ADV
3618	obj	Acc_NOUN
3619	conj	VERB
3620	nsubj	Nom_PROPN
3621	obl	Acc_NOUN
3622	nsubj	Nom_PRON
3623	nsubj	Nom_PROPN
3624	conj	VERB
3625	nsubj	Nom_NOUN
3626	cc	CCONJ
3627	nsubj	Nom_DET
3628	mark	SCONJ
3629	nsubj	Nom_PRON
3630	obl	Loc_NOUN
3631	conj	VERB
3632	cc	CCONJ
3633	obl	Dat_NOUN
3634	ccomp	VERB
3635	cc	CCONJ
3636	obl	DET
3637	advmod	PART
3638	iobj	Ins_NOUN
3639	amod	Nom_ADJ
3640	parataxis	VERB
3641	cc:preconj	CCONJ
3642	advmod	ADV
3643	nsubj	Nom_PRON
3644	nsubj	Nom_PRON
3645	advmod	ADV
3646	nsubj	Nom_NOUN
3647	acl	VERB
3648	cc	CCONJ
3649	obl	Dat_PRON
3650	iobj	AUX
3651	nsubj	Nom_PROPN
3652	nsubj	Nom_NOUN
3653	nsubj	Nom_NOUN
3654	nsubj	Nom_PRON
3655	conj	VERB
3656	cc	CCONJ
3657	advmod	ADV
3658	ccomp	VERB
3659	discourse	PART
3660	xcomp	VERB
3661	nsubj	Nom_PROPN
3662	nsubj	Nom_PRON
3663	advmod	ADV
3664	obj	Acc_PRON
3665	advmod	ADV
3666	advmod	PART
3667	parataxis	VERB
3668	nsubj	Nom_NOUN
3669	acl	VERB
3670	conj	VERB
3671	cc	CCONJ
3672	nsubj	Nom_PRON
3673	obl	Dat_PRON
3674	nsubj	Gen_NOUN
3675	amod	Nom_ADJ
3676	cc:preconj	CCONJ
3677	nsubj	Nom_PRON
3678	conj	VERB
3679	nsubj	Nom_PRON
3680	nsubj	Nom_PROPN
3681	nsubj	Nom_PROPN
3682	parataxis	VERB
3683	nsubj	Nom_PRON
3684	parataxis	VERB
3685	nsubj	Nom_PRON
3686	obl	Ins_NOUN
3687	cc	CCONJ
3688	amod	Nom_ADJ
3689	obl	Gen_NOUN
3690	advmod	PART
3691	parataxis	VERB
3692	nsubj	Nom_PRON
3693	nsubj	Nom_NOUN
3694	xcomp	Nom_VERB
3695	conj	VERB
3696	cc	CCONJ
3697	nsubj	Nom_PRON
3698	nsubj	Nom_PRON
3699	conj	VERB
3700	nsubj	Nom_PRON
3701	conj	VERB
3702	nsubj	Nom_NOUN
3703	cop	AUX
3704	nsubj	Nom_PRON
3705	advmod	ADV
3706	parataxis	VERB
3707	xcomp	Nom_VERB
3708	conj	ADJ
3709	nsubj	Nom_PROPN
3710	nsubj	Nom_PRON
3711	advmod	ADV
3712	obl	Acc_NOUN
3713	parataxis	VERB
3714	ccomp	VERB
3715	nsubj	Nom_NOUN
3716	nsubj	Nom_DET
3717	obl	Acc_NOUN
3718	cc	CCONJ
3719	nsubj	Nom_PROPN
3720	parataxis	VERB
3721	obj	Acc_NOUN
3722	obl	Dat_NOUN
3723	advmod	ADV
3724	ccomp	Nom_VERB
3725	nsubj	Nom_NOUN
3726	nsubj	Nom_PRON
3727	nsubj	Nom_PROPN
3728	parataxis	Nom_ADJ
3729	nsubj	Nom_PRON
3730	obl	Ins_NOUN
3731	parataxis	VERB
3732	nsubj	Nom_PRON
3733	parataxis	VERB
3734	nsubj	Nom_PRON
3735	amod	Acc_ADJ
3736	parataxis	Nom_VERB
3737	advcl	VERB
3738	nsubj	Nom_PROPN
3739	nsubj	Nom_PRON
3740	nsubj	Nom_PROPN
3741	xcomp	VERB
3742	parataxis	VERB
3743	parataxis	Nom_VERB
3744	nsubj	Nom_NOUN
3745	advmod	ADV
3746	nsubj	Nom_NOUN
3747	nsubj	Nom_PROPN
3748	xcomp	VERB
3749	xcomp	VERB
3750	obl	Loc_NOUN
3751	nsubj	Nom_PROPN
3752	conj	VERB
3753	nsubj	Nom_NOUN
3754	obl	Dat_NOUN
3755	cc:preconj	CCONJ
3756	obl	Acc_NOUN
3757	parataxis	VERB
3758	nsubj	Nom_PRON
3759	advmod	ADV
3760	nsubj	Nom_NOUN
3761	amod	Nom_ADJ
3762	nsubj	Nom_PROPN
3763	parataxis	VERB
3764	nsubj	Nom_PRON
3765	obl	Acc_NOUN
3766	conj	VERB
3767	cc	CCONJ
3768	obl	Ins_NOUN
3769	obj	Gen_NOUN
3770	xcomp	Nom_VERB
3771	xcomp	VERB
3772	nsubj	Nom_NOUN
3773	conj	Nom_VERB
3774	amod	Nom_ADJ
3775	xcomp	Nom_VERB
3776	acl:relcl	VERB
3777	obl	Gen_PRON
3778	obl	Loc_NOUN
3779	obj	Acc_NOUN
3780	nsubj	Nom_PROPN
3781	obj	Acc_ADJ
3782	conj	VERB
3783	cc	CCONJ
3784	mark	SCONJ
3785	nsubj	Nom_ADJ
3786	nsubj	Nom_NOUN
3787	nsubj	Nom_NOUN
3788	nsubj	Nom_PRON
3789	obl	Acc_NOUN
3790	advmod	ADV
3791	conj	VERB
3792	advmod	ADV
3793	parataxis	VERB
3794	parataxis	Nom_VERB
3795	discourse	PART
3796	nsubj	Nom_PRON
3797	advmod	PART
3798	parataxis	VERB
3799	nsubj	Nom_PRON
3800	obj	Acc_NOUN
3801	iobj	Dat_PRON
3802	advmod	ADV
3803	advmod	ADV
3804	xcomp	VERB
3805	nsubj	Gen_NOUN
3806	obl	Loc_NOUN
3807	nsubj	Nom_NOUN
3808	advmod	ADV
3809	nsubj	Nom_NOUN
3810	obl	Loc_PROPN
3811	obj	DET
3812	nsubj	Nom_PRON
3813	nsubj	Nom_PRON
3814	obl	Loc_NOUN
3815	amod	Nom_ADJ
3816	obl	Ins_NOUN
3817	obj	Acc_NOUN
3818	advmod	PART
3819	discourse	PART
3820	xcomp	VERB
3821	parataxis	VERB
3822	nsubj	Nom_NOUN
3823	nsubj	Nom_PRON
3824	obl	Acc_NOUN
3825	nsubj	Nom_NOUN
3826	obl	Ins_NOUN
3827	obl	Ins_NOUN
3828	obl	Gen_NOUN
3829	nsubj	Nom_NOUN
3830	obl	Gen_PRON
3831	obl	Acc_NOUN
3832	cc	CCONJ
3833	iobj	Ins_NOUN
3834	nsubj	Nom_PROPN
3835	advmod	ADV
3836	nsubj	Nom_NOUN
3837	nsubj	Nom_NOUN
3838	advmod	ADV
3839	amod	Nom_ADJ
3840	nsubj	Nom_PRON
3841	parataxis	VERB
3842	nsubj	Nom_NOUN
3843	conj	VERB
3844	cc	CCONJ
3845	obj	Acc_NOUN
3846	nsubj	Nom_PROPN
3847	advmod	ADV
3848	iobj	Ins_NOUN
3849	advcl	VERB
3850	nsubj	Nom_NOUN
3851	obl	Ins_NOUN
3852	conj	Nom_ADJ
3853	nsubj	Nom_NOUN
3854	advmod	ADV
3855	list	Nom_PROPN
3856	advmod	ADV
3857	advmod	ADV
3858	nsubj	Nom_NOUN
3859	nsubj	Nom_PROPN
3860	amod	Nom_ADJ
3861	nsubj	Nom_PRON
3862	conj	VERB
3863	cc	CCONJ
3864	nsubj	Nom_PRON
3865	advmod	ADV
3866	iobj	Ins_NOUN
3867	parataxis	VERB
3868	advmod	ADV
3869	discourse	ADV
3870	nsubj	Nom_PRON
3871	advcl	VERB
3872	nsubj	Gen_PRON
3873	obj	Acc_NOUN
3874	nsubj	Nom_PROPN
3875	advmod	PART
3876	parataxis	VERB
3877	nsubj	Nom_PRON
3878	obl	Acc_NOUN
3879	nsubj	Nom_NOUN
3880	cc	CCONJ
3881	advcl	VERB
3882	obl	Acc_NOUN
3883	nsubj	Nom_PRON
3884	obl	Ins_NOUN
3885	advmod	ADV
3886	obl	Loc_NOUN
3887	advmod	ADV
3888	nsubj	Nom_NOUN
3889	nsubj	Nom_PROPN
3890	cc	CCONJ
3891	obl	Acc_NOUN
3892	obj	Acc_NOUN
3893	conj	VERB
3894	cc	CCONJ
3895	nsubj	Nom_PRON
3896	xcomp	VERB
3897	mark	SCONJ
3898	obl	Gen_NOUN
3899	obl	Loc_NOUN
3900	nsubj	Nom_NOUN
